--
-- PostgreSQL database dump
--

\restrict c92uz0101QdlGPeU6fBrzhFgd7mHvUcfTzK3wQRtdukabwzk2S5D65ER29UDbvm

-- Dumped from database version 17.7 (Debian 17.7-3.pgdg13+1)
-- Dumped by pg_dump version 17.9 (Debian 17.9-1.pgdg11+1)

SET statement_timeout = 0;
SET lock_timeout = 0;
SET idle_in_transaction_session_timeout = 0;
SET transaction_timeout = 0;
SET client_encoding = 'UTF8';
SET standard_conforming_strings = on;
SELECT pg_catalog.set_config('search_path', '', false);
SET check_function_bodies = false;
SET xmloption = content;
SET client_min_messages = warning;
SET row_security = off;

SET default_tablespace = '';

SET default_table_access_method = heap;

--
-- Name: auth_group; Type: TABLE; Schema: public; Owner: test
--

CREATE TABLE public.auth_group (
    id integer NOT NULL,
    name character varying(150) NOT NULL
);


ALTER TABLE public.auth_group OWNER TO test;

--
-- Name: auth_group_id_seq; Type: SEQUENCE; Schema: public; Owner: test
--

ALTER TABLE public.auth_group ALTER COLUMN id ADD GENERATED BY DEFAULT AS IDENTITY (
    SEQUENCE NAME public.auth_group_id_seq
    START WITH 1
    INCREMENT BY 1
    NO MINVALUE
    NO MAXVALUE
    CACHE 1
);


--
-- Name: auth_group_permissions; Type: TABLE; Schema: public; Owner: test
--

CREATE TABLE public.auth_group_permissions (
    id bigint NOT NULL,
    group_id integer NOT NULL,
    permission_id integer NOT NULL
);


ALTER TABLE public.auth_group_permissions OWNER TO test;

--
-- Name: auth_group_permissions_id_seq; Type: SEQUENCE; Schema: public; Owner: test
--

ALTER TABLE public.auth_group_permissions ALTER COLUMN id ADD GENERATED BY DEFAULT AS IDENTITY (
    SEQUENCE NAME public.auth_group_permissions_id_seq
    START WITH 1
    INCREMENT BY 1
    NO MINVALUE
    NO MAXVALUE
    CACHE 1
);


--
-- Name: auth_permission; Type: TABLE; Schema: public; Owner: test
--

CREATE TABLE public.auth_permission (
    id integer NOT NULL,
    name character varying(255) NOT NULL,
    content_type_id integer NOT NULL,
    codename character varying(100) NOT NULL
);


ALTER TABLE public.auth_permission OWNER TO test;

--
-- Name: auth_permission_id_seq; Type: SEQUENCE; Schema: public; Owner: test
--

ALTER TABLE public.auth_permission ALTER COLUMN id ADD GENERATED BY DEFAULT AS IDENTITY (
    SEQUENCE NAME public.auth_permission_id_seq
    START WITH 1
    INCREMENT BY 1
    NO MINVALUE
    NO MAXVALUE
    CACHE 1
);


--
-- Name: django_admin_log; Type: TABLE; Schema: public; Owner: test
--

CREATE TABLE public.django_admin_log (
    id integer NOT NULL,
    action_time timestamp with time zone NOT NULL,
    object_id text,
    object_repr character varying(200) NOT NULL,
    action_flag smallint NOT NULL,
    change_message text NOT NULL,
    content_type_id integer,
    user_id bigint NOT NULL,
    CONSTRAINT django_admin_log_action_flag_check CHECK ((action_flag >= 0))
);


ALTER TABLE public.django_admin_log OWNER TO test;

--
-- Name: django_admin_log_id_seq; Type: SEQUENCE; Schema: public; Owner: test
--

ALTER TABLE public.django_admin_log ALTER COLUMN id ADD GENERATED BY DEFAULT AS IDENTITY (
    SEQUENCE NAME public.django_admin_log_id_seq
    START WITH 1
    INCREMENT BY 1
    NO MINVALUE
    NO MAXVALUE
    CACHE 1
);


--
-- Name: django_content_type; Type: TABLE; Schema: public; Owner: test
--

CREATE TABLE public.django_content_type (
    id integer NOT NULL,
    app_label character varying(100) NOT NULL,
    model character varying(100) NOT NULL
);


ALTER TABLE public.django_content_type OWNER TO test;

--
-- Name: django_content_type_id_seq; Type: SEQUENCE; Schema: public; Owner: test
--

ALTER TABLE public.django_content_type ALTER COLUMN id ADD GENERATED BY DEFAULT AS IDENTITY (
    SEQUENCE NAME public.django_content_type_id_seq
    START WITH 1
    INCREMENT BY 1
    NO MINVALUE
    NO MAXVALUE
    CACHE 1
);


--
-- Name: django_migrations; Type: TABLE; Schema: public; Owner: test
--

CREATE TABLE public.django_migrations (
    id bigint NOT NULL,
    app character varying(255) NOT NULL,
    name character varying(255) NOT NULL,
    applied timestamp with time zone NOT NULL
);


ALTER TABLE public.django_migrations OWNER TO test;

--
-- Name: django_migrations_id_seq; Type: SEQUENCE; Schema: public; Owner: test
--

ALTER TABLE public.django_migrations ALTER COLUMN id ADD GENERATED BY DEFAULT AS IDENTITY (
    SEQUENCE NAME public.django_migrations_id_seq
    START WITH 1
    INCREMENT BY 1
    NO MINVALUE
    NO MAXVALUE
    CACHE 1
);


--
-- Name: django_session; Type: TABLE; Schema: public; Owner: test
--

CREATE TABLE public.django_session (
    session_key character varying(40) NOT NULL,
    session_data text NOT NULL,
    expire_date timestamp with time zone NOT NULL
);


ALTER TABLE public.django_session OWNER TO test;

--
-- Name: modern_drf_swagger_endpointpermission; Type: TABLE; Schema: public; Owner: test
--

CREATE TABLE public.modern_drf_swagger_endpointpermission (
    id bigint NOT NULL,
    path character varying(255) NOT NULL,
    methods character varying(255) NOT NULL,
    created_at timestamp with time zone NOT NULL,
    team_id bigint NOT NULL
);


ALTER TABLE public.modern_drf_swagger_endpointpermission OWNER TO test;

--
-- Name: modern_drf_swagger_endpointpermission_id_seq; Type: SEQUENCE; Schema: public; Owner: test
--

ALTER TABLE public.modern_drf_swagger_endpointpermission ALTER COLUMN id ADD GENERATED BY DEFAULT AS IDENTITY (
    SEQUENCE NAME public.modern_drf_swagger_endpointpermission_id_seq
    START WITH 1
    INCREMENT BY 1
    NO MINVALUE
    NO MAXVALUE
    CACHE 1
);


--
-- Name: modern_drf_swagger_requestlog; Type: TABLE; Schema: public; Owner: test
--

CREATE TABLE public.modern_drf_swagger_requestlog (
    id bigint NOT NULL,
    endpoint character varying(512) NOT NULL,
    method character varying(10) NOT NULL,
    request_payload text,
    response_status integer NOT NULL,
    response_size integer NOT NULL,
    latency double precision NOT NULL,
    "timestamp" timestamp with time zone NOT NULL,
    user_id bigint
);


ALTER TABLE public.modern_drf_swagger_requestlog OWNER TO test;

--
-- Name: modern_drf_swagger_requestlog_id_seq; Type: SEQUENCE; Schema: public; Owner: test
--

ALTER TABLE public.modern_drf_swagger_requestlog ALTER COLUMN id ADD GENERATED BY DEFAULT AS IDENTITY (
    SEQUENCE NAME public.modern_drf_swagger_requestlog_id_seq
    START WITH 1
    INCREMENT BY 1
    NO MINVALUE
    NO MAXVALUE
    CACHE 1
);


--
-- Name: modern_drf_swagger_team; Type: TABLE; Schema: public; Owner: test
--

CREATE TABLE public.modern_drf_swagger_team (
    id bigint NOT NULL,
    name character varying(255) NOT NULL,
    description text NOT NULL,
    created_at timestamp with time zone NOT NULL,
    updated_at timestamp with time zone NOT NULL
);


ALTER TABLE public.modern_drf_swagger_team OWNER TO test;

--
-- Name: modern_drf_swagger_team_id_seq; Type: SEQUENCE; Schema: public; Owner: test
--

ALTER TABLE public.modern_drf_swagger_team ALTER COLUMN id ADD GENERATED BY DEFAULT AS IDENTITY (
    SEQUENCE NAME public.modern_drf_swagger_team_id_seq
    START WITH 1
    INCREMENT BY 1
    NO MINVALUE
    NO MAXVALUE
    CACHE 1
);


--
-- Name: modern_drf_swagger_teammember; Type: TABLE; Schema: public; Owner: test
--

CREATE TABLE public.modern_drf_swagger_teammember (
    id bigint NOT NULL,
    role character varying(20) NOT NULL,
    created_at timestamp with time zone NOT NULL,
    team_id bigint NOT NULL,
    user_id bigint NOT NULL
);


ALTER TABLE public.modern_drf_swagger_teammember OWNER TO test;

--
-- Name: modern_drf_swagger_teammember_id_seq; Type: SEQUENCE; Schema: public; Owner: test
--

ALTER TABLE public.modern_drf_swagger_teammember ALTER COLUMN id ADD GENERATED BY DEFAULT AS IDENTITY (
    SEQUENCE NAME public.modern_drf_swagger_teammember_id_seq
    START WITH 1
    INCREMENT BY 1
    NO MINVALUE
    NO MAXVALUE
    CACHE 1
);


--
-- Name: modern_drf_swagger_usagemetric; Type: TABLE; Schema: public; Owner: test
--

CREATE TABLE public.modern_drf_swagger_usagemetric (
    id bigint NOT NULL,
    endpoint character varying(512) NOT NULL,
    date date NOT NULL,
    request_count integer NOT NULL,
    error_count integer NOT NULL,
    average_latency double precision NOT NULL
);


ALTER TABLE public.modern_drf_swagger_usagemetric OWNER TO test;

--
-- Name: modern_drf_swagger_usagemetric_id_seq; Type: SEQUENCE; Schema: public; Owner: test
--

ALTER TABLE public.modern_drf_swagger_usagemetric ALTER COLUMN id ADD GENERATED BY DEFAULT AS IDENTITY (
    SEQUENCE NAME public.modern_drf_swagger_usagemetric_id_seq
    START WITH 1
    INCREMENT BY 1
    NO MINVALUE
    NO MAXVALUE
    CACHE 1
);


--
-- Name: payme_transactions; Type: TABLE; Schema: public; Owner: test
--

CREATE TABLE public.payme_transactions (
    id bigint NOT NULL,
    transaction_id character varying(50) NOT NULL,
    account_id character varying(256) NOT NULL,
    amount numeric(15,2) NOT NULL,
    state integer NOT NULL,
    cancel_reason integer,
    created_at timestamp with time zone NOT NULL,
    updated_at timestamp with time zone NOT NULL,
    performed_at timestamp with time zone,
    cancelled_at timestamp with time zone,
    fiscal_data jsonb NOT NULL
);


ALTER TABLE public.payme_transactions OWNER TO test;

--
-- Name: payme_transactions_id_seq; Type: SEQUENCE; Schema: public; Owner: test
--

ALTER TABLE public.payme_transactions ALTER COLUMN id ADD GENERATED BY DEFAULT AS IDENTITY (
    SEQUENCE NAME public.payme_transactions_id_seq
    START WITH 1
    INCREMENT BY 1
    NO MINVALUE
    NO MAXVALUE
    CACHE 1
);


--
-- Name: shared_aidocument; Type: TABLE; Schema: public; Owner: test
--

CREATE TABLE public.shared_aidocument (
    id bigint NOT NULL,
    created_at timestamp with time zone NOT NULL,
    updated_at timestamp with time zone NOT NULL,
    file character varying(100) NOT NULL,
    total_words integer NOT NULL,
    user_id bigint NOT NULL,
    title character varying(255),
    CONSTRAINT shared_aidocument_total_words_check CHECK ((total_words >= 0))
);


ALTER TABLE public.shared_aidocument OWNER TO test;

--
-- Name: shared_aidocument_id_seq; Type: SEQUENCE; Schema: public; Owner: test
--

ALTER TABLE public.shared_aidocument ALTER COLUMN id ADD GENERATED BY DEFAULT AS IDENTITY (
    SEQUENCE NAME public.shared_aidocument_id_seq
    START WITH 1
    INCREMENT BY 1
    NO MINVALUE
    NO MAXVALUE
    CACHE 1
);


--
-- Name: shared_aidocumentresult; Type: TABLE; Schema: public; Owner: test
--

CREATE TABLE public.shared_aidocumentresult (
    id bigint NOT NULL,
    created_at timestamp with time zone NOT NULL,
    updated_at timestamp with time zone NOT NULL,
    result jsonb NOT NULL,
    document_id bigint NOT NULL
);


ALTER TABLE public.shared_aidocumentresult OWNER TO test;

--
-- Name: shared_aidocumentresult_id_seq; Type: SEQUENCE; Schema: public; Owner: test
--

ALTER TABLE public.shared_aidocumentresult ALTER COLUMN id ADD GENERATED BY DEFAULT AS IDENTITY (
    SEQUENCE NAME public.shared_aidocumentresult_id_seq
    START WITH 1
    INCREMENT BY 1
    NO MINVALUE
    NO MAXVALUE
    CACHE 1
);


--
-- Name: shared_document; Type: TABLE; Schema: public; Owner: test
--

CREATE TABLE public.shared_document (
    id bigint NOT NULL,
    created_at timestamp with time zone NOT NULL,
    updated_at timestamp with time zone NOT NULL,
    title character varying(200) NOT NULL,
    certificate boolean NOT NULL,
    file character varying(100),
    text text,
    user_id bigint NOT NULL,
    certificate_file character varying(100),
    type_id bigint
);


ALTER TABLE public.shared_document OWNER TO test;

--
-- Name: shared_document_id_seq; Type: SEQUENCE; Schema: public; Owner: test
--

ALTER TABLE public.shared_document ALTER COLUMN id ADD GENERATED BY DEFAULT AS IDENTITY (
    SEQUENCE NAME public.shared_document_id_seq
    START WITH 1
    INCREMENT BY 1
    NO MINVALUE
    NO MAXVALUE
    CACHE 1
);


--
-- Name: shared_documentresult; Type: TABLE; Schema: public; Owner: test
--

CREATE TABLE public.shared_documentresult (
    id bigint NOT NULL,
    created_at timestamp with time zone NOT NULL,
    updated_at timestamp with time zone NOT NULL,
    result_json jsonb NOT NULL,
    document_id bigint NOT NULL
);


ALTER TABLE public.shared_documentresult OWNER TO test;

--
-- Name: shared_documentresult_id_seq; Type: SEQUENCE; Schema: public; Owner: test
--

ALTER TABLE public.shared_documentresult ALTER COLUMN id ADD GENERATED BY DEFAULT AS IDENTITY (
    SEQUENCE NAME public.shared_documentresult_id_seq
    START WITH 1
    INCREMENT BY 1
    NO MINVALUE
    NO MAXVALUE
    CACHE 1
);


--
-- Name: shared_documenttype; Type: TABLE; Schema: public; Owner: test
--

CREATE TABLE public.shared_documenttype (
    id bigint NOT NULL,
    created_at timestamp with time zone NOT NULL,
    updated_at timestamp with time zone NOT NULL,
    name character varying(100) NOT NULL
);


ALTER TABLE public.shared_documenttype OWNER TO test;

--
-- Name: shared_documenttype_id_seq; Type: SEQUENCE; Schema: public; Owner: test
--

ALTER TABLE public.shared_documenttype ALTER COLUMN id ADD GENERATED BY DEFAULT AS IDENTITY (
    SEQUENCE NAME public.shared_documenttype_id_seq
    START WITH 1
    INCREMENT BY 1
    NO MINVALUE
    NO MAXVALUE
    CACHE 1
);


--
-- Name: shared_order; Type: TABLE; Schema: public; Owner: test
--

CREATE TABLE public.shared_order (
    id bigint NOT NULL,
    created_at timestamp with time zone NOT NULL,
    updated_at timestamp with time zone NOT NULL,
    total_price numeric(15,2) NOT NULL,
    document_id bigint,
    user_id bigint,
    type character varying(100) NOT NULL,
    ai_document_id bigint
);


ALTER TABLE public.shared_order OWNER TO test;

--
-- Name: shared_order_id_seq; Type: SEQUENCE; Schema: public; Owner: test
--

ALTER TABLE public.shared_order ALTER COLUMN id ADD GENERATED BY DEFAULT AS IDENTITY (
    SEQUENCE NAME public.shared_order_id_seq
    START WITH 1
    INCREMENT BY 1
    NO MINVALUE
    NO MAXVALUE
    CACHE 1
);


--
-- Name: users_user; Type: TABLE; Schema: public; Owner: test
--

CREATE TABLE public.users_user (
    id bigint NOT NULL,
    password character varying(128) NOT NULL,
    last_login timestamp with time zone,
    is_superuser boolean NOT NULL,
    first_name character varying(150) NOT NULL,
    last_name character varying(150) NOT NULL,
    email character varying(254) NOT NULL,
    is_staff boolean NOT NULL,
    is_active boolean NOT NULL,
    date_joined timestamp with time zone NOT NULL,
    phone character varying(20) NOT NULL,
    tg_id character varying(200)
);


ALTER TABLE public.users_user OWNER TO test;

--
-- Name: users_user_groups; Type: TABLE; Schema: public; Owner: test
--

CREATE TABLE public.users_user_groups (
    id bigint NOT NULL,
    user_id bigint NOT NULL,
    group_id integer NOT NULL
);


ALTER TABLE public.users_user_groups OWNER TO test;

--
-- Name: users_user_groups_id_seq; Type: SEQUENCE; Schema: public; Owner: test
--

ALTER TABLE public.users_user_groups ALTER COLUMN id ADD GENERATED BY DEFAULT AS IDENTITY (
    SEQUENCE NAME public.users_user_groups_id_seq
    START WITH 1
    INCREMENT BY 1
    NO MINVALUE
    NO MAXVALUE
    CACHE 1
);


--
-- Name: users_user_id_seq; Type: SEQUENCE; Schema: public; Owner: test
--

ALTER TABLE public.users_user ALTER COLUMN id ADD GENERATED BY DEFAULT AS IDENTITY (
    SEQUENCE NAME public.users_user_id_seq
    START WITH 1
    INCREMENT BY 1
    NO MINVALUE
    NO MAXVALUE
    CACHE 1
);


--
-- Name: users_user_user_permissions; Type: TABLE; Schema: public; Owner: test
--

CREATE TABLE public.users_user_user_permissions (
    id bigint NOT NULL,
    user_id bigint NOT NULL,
    permission_id integer NOT NULL
);


ALTER TABLE public.users_user_user_permissions OWNER TO test;

--
-- Name: users_user_user_permissions_id_seq; Type: SEQUENCE; Schema: public; Owner: test
--

ALTER TABLE public.users_user_user_permissions ALTER COLUMN id ADD GENERATED BY DEFAULT AS IDENTITY (
    SEQUENCE NAME public.users_user_user_permissions_id_seq
    START WITH 1
    INCREMENT BY 1
    NO MINVALUE
    NO MAXVALUE
    CACHE 1
);


--
-- Data for Name: auth_group; Type: TABLE DATA; Schema: public; Owner: test
--

COPY public.auth_group (id, name) FROM stdin;
\.


--
-- Data for Name: auth_group_permissions; Type: TABLE DATA; Schema: public; Owner: test
--

COPY public.auth_group_permissions (id, group_id, permission_id) FROM stdin;
\.


--
-- Data for Name: auth_permission; Type: TABLE DATA; Schema: public; Owner: test
--

COPY public.auth_permission (id, name, content_type_id, codename) FROM stdin;
1	Can add log entry	1	add_logentry
2	Can change log entry	1	change_logentry
3	Can delete log entry	1	delete_logentry
4	Can view log entry	1	view_logentry
5	Can add permission	2	add_permission
6	Can change permission	2	change_permission
7	Can delete permission	2	delete_permission
8	Can view permission	2	view_permission
9	Can add group	3	add_group
10	Can change group	3	change_group
11	Can delete group	3	delete_group
12	Can view group	3	view_group
13	Can add content type	4	add_contenttype
14	Can change content type	4	change_contenttype
15	Can delete content type	4	delete_contenttype
16	Can view content type	4	view_contenttype
17	Can add session	5	add_session
18	Can change session	5	change_session
19	Can delete session	5	delete_session
20	Can view session	5	view_session
21	Can add Team	6	add_team
22	Can change Team	6	change_team
23	Can delete Team	6	delete_team
24	Can view Team	6	view_team
25	Can add Usage Metric	7	add_usagemetric
26	Can change Usage Metric	7	change_usagemetric
27	Can delete Usage Metric	7	delete_usagemetric
28	Can view Usage Metric	7	view_usagemetric
29	Can add Endpoint Permission	8	add_endpointpermission
30	Can change Endpoint Permission	8	change_endpointpermission
31	Can delete Endpoint Permission	8	delete_endpointpermission
32	Can view Endpoint Permission	8	view_endpointpermission
33	Can add Team Member	9	add_teammember
34	Can change Team Member	9	change_teammember
35	Can delete Team Member	9	delete_teammember
36	Can view Team Member	9	view_teammember
37	Can add Request Log	10	add_requestlog
38	Can change Request Log	10	change_requestlog
39	Can delete Request Log	10	delete_requestlog
40	Can view Request Log	10	view_requestlog
41	Can add Payme Transaction	11	add_paymetransactions
42	Can change Payme Transaction	11	change_paymetransactions
43	Can delete Payme Transaction	11	delete_paymetransactions
44	Can view Payme Transaction	11	view_paymetransactions
45	Can add user	12	add_user
46	Can change user	12	change_user
47	Can delete user	12	delete_user
48	Can view user	12	view_user
49	Can add document	13	add_document
50	Can change document	13	change_document
51	Can delete document	13	delete_document
52	Can view document	13	view_document
53	Can add document result	14	add_documentresult
54	Can change document result	14	change_documentresult
55	Can delete document result	14	delete_documentresult
56	Can view document result	14	view_documentresult
57	Can add order	15	add_order
58	Can change order	15	change_order
59	Can delete order	15	delete_order
60	Can view order	15	view_order
61	Can add Hujjat turi	16	add_documenttype
62	Can change Hujjat turi	16	change_documenttype
63	Can delete Hujjat turi	16	delete_documenttype
64	Can view Hujjat turi	16	view_documenttype
65	Can add SI Detektor	17	add_aidocument
66	Can change SI Detektor	17	change_aidocument
67	Can delete SI Detektor	17	delete_aidocument
68	Can view SI Detektor	17	view_aidocument
69	Can add ai document result	18	add_aidocumentresult
70	Can change ai document result	18	change_aidocumentresult
71	Can delete ai document result	18	delete_aidocumentresult
72	Can view ai document result	18	view_aidocumentresult
73	Can add SI Buyurtma	19	add_aiorder
74	Can change SI Buyurtma	19	change_aiorder
75	Can delete SI Buyurtma	19	delete_aiorder
76	Can view SI Buyurtma	19	view_aiorder
\.


--
-- Data for Name: django_admin_log; Type: TABLE DATA; Schema: public; Owner: test
--

COPY public.django_admin_log (id, action_time, object_id, object_repr, action_flag, change_message, content_type_id, user_id) FROM stdin;
1	2026-04-05 07:46:24.423024+00	1	test	1	[{"added": {}}]	13	1
2	2026-04-05 08:35:45.777429+00	4	test	3		13	1
3	2026-04-05 08:35:45.777463+00	2	test	3		13	1
4	2026-04-05 08:35:45.777476+00	1	test	3		13	1
5	2026-04-08 10:11:33.12626+00	7	7 - order - 2314.00	3		15	1
6	2026-04-08 10:11:33.126288+00	6	6 - order - 2314.00	3		15	1
7	2026-04-08 10:11:33.1263+00	5	5 - order - 10000.00	3		15	1
8	2026-04-08 10:11:33.126312+00	4	4 - order - 3000.00	3		15	1
9	2026-04-08 10:11:33.126323+00	3	3 - order - 1000.00	3		15	1
10	2026-04-08 10:25:48.763415+00	30	30 - document - 41200.00	2	[{"changed": {"fields": ["Document"]}}]	15	1
11	2026-04-08 10:28:02.280293+00	5	Xoliqberdiyev Behruz's Resume	2	[{"changed": {"fields": ["Certificate"]}}]	13	1
\.


--
-- Data for Name: django_content_type; Type: TABLE DATA; Schema: public; Owner: test
--

COPY public.django_content_type (id, app_label, model) FROM stdin;
1	admin	logentry
2	auth	permission
3	auth	group
4	contenttypes	contenttype
5	sessions	session
6	modern_drf_swagger	team
7	modern_drf_swagger	usagemetric
8	modern_drf_swagger	endpointpermission
9	modern_drf_swagger	teammember
10	modern_drf_swagger	requestlog
11	payme	paymetransactions
12	users	user
13	shared	document
14	shared	documentresult
15	shared	order
16	shared	documenttype
17	shared	aidocument
18	shared	aidocumentresult
19	shared	aiorder
\.


--
-- Data for Name: django_migrations; Type: TABLE DATA; Schema: public; Owner: test
--

COPY public.django_migrations (id, app, name, applied) FROM stdin;
1	contenttypes	0001_initial	2026-04-05 07:44:45.554673+00
2	contenttypes	0002_remove_content_type_name	2026-04-05 07:44:45.565802+00
3	auth	0001_initial	2026-04-05 07:44:45.587667+00
4	auth	0002_alter_permission_name_max_length	2026-04-05 07:44:45.591624+00
5	auth	0003_alter_user_email_max_length	2026-04-05 07:44:45.59584+00
6	auth	0004_alter_user_username_opts	2026-04-05 07:44:45.599504+00
7	auth	0005_alter_user_last_login_null	2026-04-05 07:44:45.603447+00
8	auth	0006_require_contenttypes_0002	2026-04-05 07:44:45.604608+00
9	auth	0007_alter_validators_add_error_messages	2026-04-05 07:44:45.609639+00
10	auth	0008_alter_user_username_max_length	2026-04-05 07:44:45.613355+00
11	auth	0009_alter_user_last_name_max_length	2026-04-05 07:44:45.616855+00
12	auth	0010_alter_group_name_max_length	2026-04-05 07:44:45.621122+00
13	auth	0011_update_proxy_permissions	2026-04-05 07:44:45.624346+00
14	auth	0012_alter_user_first_name_max_length	2026-04-05 07:44:45.627936+00
15	users	0001_initial	2026-04-05 07:44:45.64232+00
16	admin	0001_initial	2026-04-05 07:44:45.651263+00
17	admin	0002_logentry_remove_auto_add	2026-04-05 07:44:45.658765+00
18	admin	0003_logentry_add_action_flag_choices	2026-04-05 07:44:45.663335+00
19	modern_drf_swagger	0001_initial	2026-04-05 07:44:45.694606+00
20	payme	0001_initial	2026-04-05 07:44:45.700264+00
21	payme	0002_paymetransactions_fiscal_data	2026-04-05 07:44:45.703082+00
22	payme	0003_alter_paymetransactions_fiscal_data	2026-04-05 07:44:45.706642+00
23	payme	0004_alter_paymetransactions_account_id	2026-04-05 07:44:45.710785+00
24	payme	0005_alter_paymetransactions_amount	2026-04-05 07:44:45.713871+00
25	sessions	0001_initial	2026-04-05 07:44:45.718121+00
26	shared	0001_initial	2026-04-05 07:44:45.739187+00
27	shared	0002_order	2026-04-05 07:44:45.749476+00
28	shared	0003_order_user	2026-04-05 07:44:45.761903+00
29	shared	0004_document_certificate_file	2026-04-05 07:44:45.768974+00
30	shared	0005_documenttype_alter_document_options_and_more	2026-04-06 09:48:56.812285+00
31	shared	0006_alter_order_options_order_type_aidocument_and_more	2026-04-06 12:50:20.454586+00
32	shared	0007_aidocument_title	2026-04-06 12:58:01.951157+00
33	shared	0008_aiorder	2026-04-06 13:02:56.804455+00
34	shared	0009_alter_aiorder_ai_document	2026-04-06 13:08:51.934572+00
35	shared	0010_alter_aidocument_total_words	2026-04-06 13:22:28.359849+00
36	users	0002_user_tg_id	2026-04-07 11:38:39.685306+00
37	users	0003_alter_user_tg_id	2026-04-07 11:38:39.704329+00
38	shared	0011_remove_aiorder_ai_document_remove_aiorder_user_and_more	2026-04-08 09:50:33.442777+00
39	shared	0012_delete_aiorder_alter_order_ai_document_and_more	2026-04-08 09:55:53.256766+00
40	shared	0013_alter_order_type	2026-04-08 10:13:13.75606+00
41	shared	0014_alter_order_ai_document_alter_order_document	2026-04-08 10:18:51.14981+00
42	shared	0015_alter_order_ai_document_alter_order_document	2026-04-08 10:19:03.975865+00
\.


--
-- Data for Name: django_session; Type: TABLE DATA; Schema: public; Owner: test
--

COPY public.django_session (session_key, session_data, expire_date) FROM stdin;
qv64tzvfwjnvq7ico1y3otyzpco209sx	.eJxVjDsOwjAQBe_iGln-fyjpOYO19q5xADlSnFSIu0OkFNC-mXkvlmBbW9oGLWlCdmaSnX63DOVBfQd4h36beZn7ukyZ7wo_6ODXGel5Ody_gwajfWvAIKCioIAUlTfVZowoAmkTtHHkNUUN1lH1BmWtTioRas4Kii0aCnt_AAKEOMs:1w9IBL:Umy0xNKgFA9o4QsstSGIj0X3apBgMuH41BYdwttdGbY	2026-04-19 07:46:07.892392+00
\.


--
-- Data for Name: modern_drf_swagger_endpointpermission; Type: TABLE DATA; Schema: public; Owner: test
--

COPY public.modern_drf_swagger_endpointpermission (id, path, methods, created_at, team_id) FROM stdin;
\.


--
-- Data for Name: modern_drf_swagger_requestlog; Type: TABLE DATA; Schema: public; Owner: test
--

COPY public.modern_drf_swagger_requestlog (id, endpoint, method, request_payload, response_status, response_size, latency, "timestamp", user_id) FROM stdin;
217	/api/v1/bot/save_tg_id/	POST	{"phone": "998947099971", "tg_id": "123455"}	200	44	23.44	2026-04-07 11:48:16.518121+00	1
220	/api/v1/bot/save_tg_id/	POST	{"phone": "998947099971", "tg_id": "123455"}	200	44	23.18	2026-04-07 11:48:49.140194+00	1
223	/api/v1/bot/save_tg_id/	POST	{"phone": "998947099971", "tg_id": "123455"}	200	44	22.7	2026-04-07 11:48:50.559128+00	1
226	/api/v1/bot/save_tg_id/	POST	{"phone": "998947099971", "tg_id": "123455"}	200	44	21.57	2026-04-07 11:48:51.126852+00	1
229	/api/v1/bot/save_tg_id/	POST	{"phone": "998947099971", "tg_id": "123455"}	200	44	23.13	2026-04-07 11:48:51.585582+00	1
232	/api/v1/bot/check_user/123455/	GET	\N	200	579	22.77	2026-04-07 14:00:37.941764+00	1
235	/api/v1/bot/check_user/1234567/	GET	\N	200	580	19.21	2026-04-07 14:00:52.832891+00	1
237	/api/v1/shared/documents/list/	GET	\N	200	22318	37.19	2026-04-08 10:06:42.56371+00	1
240	/api/v1/shared/documents/12/	GET	\N	404	30	19.8	2026-04-08 10:07:01.684017+00	1
243	/api/v1/shared/documents/5/download/	GET	\N	200	5470	19.57	2026-04-08 10:07:26.665001+00	1
246	/api/v1/shared/orders/	GET	\N	200	22754	34.57	2026-04-08 10:07:31.297367+00	1
249	/api/v1/shared/certificate/{document_id}/status/	GET	\N	404	6910	14.39	2026-04-08 10:07:34.357109+00	1
252	/api/v1/shared/certificate/5/download/	POST	{"full_name": "John Doe", "file_name": "John Doe", "document_type": 0}	400	74	23.55	2026-04-08 10:07:39.81365+00	1
255	/api/v1/shared/certificate/5/pay/	POST	\N	500	178767	68.25	2026-04-08 10:08:38.172656+00	1
259	/api/v1/shared/certificate/6/pay/	POST	\N	500	178683	62.33	2026-04-08 10:09:39.671556+00	1
263	/api/v1/shared/certificate/6/pay/	POST	\N	200	163	564.58	2026-04-08 10:11:17.335891+00	1
267	/api/v1/shared/certificate/6/pay/	POST	\N	200	168	495.33	2026-04-08 10:12:07.167678+00	1
271	/api/v1/shared/certificate/6/pay/	POST	\N	200	168	662.72	2026-04-08 10:13:49.558598+00	1
275	/api/v1/shared/documents/	POST	{"title": "test", "certificate": "false", "type": "1"}	200	60	454.5	2026-04-08 10:14:35.650794+00	1
279	/api/v1/shared/certificate/24/pay/	POST	\N	500	194412	72.9	2026-04-08 10:15:20.416214+00	1
283	/api/v1/shared/certificate/24/pay/	POST	\N	200	168	642.25	2026-04-08 10:19:31.274465+00	1
287	/api/v1/shared/certificate/24/pay/	POST	\N	200	168	675.77	2026-04-08 10:19:34.54769+00	1
291	/api/v1/shared/documents/list/	GET	\N	500	133957	54.73	2026-04-08 10:24:25.581385+00	1
295	/api/v1/shared/documents/list/	GET	\N	200	35154	62.7	2026-04-08 10:25:20.562667+00	1
299	/api/v1/shared/documents/5/	GET	\N	500	54	20.77	2026-04-08 10:26:00.619102+00	1
303	/api/v1/shared/documents/5/download/	GET	\N	200	5470	25.07	2026-04-08 10:26:35.065044+00	1
307	/api/v1/shared/orders/all/	GET	\N	200	2227	34.99	2026-04-08 10:27:13.886237+00	1
311	/api/v1/shared/certificate/5/download/	POST	{"full_name": "John Doe", "file_name": "John Doe", "document_type": 1}	400	94	21.7	2026-04-08 10:28:04.256716+00	1
215	/api/v1/bot/save_tg_id/	POST	{"phone": "998947099971", "tg_id": "123455"}	200	44	21.69	2026-04-07 11:48:16.171266+00	1
218	/api/v1/bot/save_tg_id/	POST	{"phone": "998947099971", "tg_id": "123455"}	200	44	23.19	2026-04-07 11:48:16.675549+00	1
221	/api/v1/bot/save_tg_id/	POST	{"phone": "998947099971", "tg_id": "123455"}	200	44	19.8	2026-04-07 11:48:49.730399+00	1
224	/api/v1/bot/save_tg_id/	POST	{"phone": "998947099971", "tg_id": "123455"}	200	44	20.58	2026-04-07 11:48:50.781928+00	1
227	/api/v1/bot/save_tg_id/	POST	{"phone": "998947099971", "tg_id": "123455"}	200	44	21.59	2026-04-07 11:48:51.285854+00	1
230	/api/v1/bot/save_tg_id/	POST	{"phone": "998947099971", "tg_id": "123455"}	200	44	24.2	2026-04-07 11:48:51.757962+00	1
233	/api/v1/bot/check_user/123456/	GET	\N	404	66	20.56	2026-04-07 14:00:45.950129+00	1
238	/api/v1/shared/documents/{id}/	GET	\N	404	7705	11.4	2026-04-08 10:06:56.86419+00	1
241	/api/v1/shared/documents/5/download/	GET	\N	500	92709	39.2	2026-04-08 10:07:04.736929+00	1
244	/api/v1/shared/documents/types/	GET	\N	200	1157	22.25	2026-04-08 10:07:28.878149+00	1
247	/api/v1/shared/orders/all/	GET	\N	200	672	23.02	2026-04-08 10:07:32.756803+00	1
250	/api/v1/shared/certificate/5/status/	GET	\N	200	18	19.93	2026-04-08 10:07:36.152429+00	1
256	/api/v1/shared/certificate/5/pay/	POST	\N	500	178767	49.54	2026-04-08 10:08:38.893852+00	1
260	/api/v1/shared/certificate/6/pay/	POST	\N	500	193735	75.31	2026-04-08 10:10:27.075852+00	1
264	/api/v1/shared/certificate/6/pay/	POST	\N	500	93653	695.26	2026-04-08 10:11:45.886838+00	1
268	/api/v1/shared/certificate/6/pay/	POST	\N	500	178474	68.5	2026-04-08 10:12:30.666239+00	1
272	/api/v1/shared/certificate/6/pay/	POST	\N	200	168	717.99	2026-04-08 10:13:50.786138+00	1
276	/api/v1/shared/documents/	POST	{"title": "test", "certificate": "false", "type": "1"}	200	60	436.5	2026-04-08 10:14:36.781434+00	1
280	/api/v1/shared/certificate/24/pay/	POST	\N	500	194384	71.38	2026-04-08 10:16:18.773209+00	1
284	/api/v1/shared/certificate/24/pay/	POST	\N	200	168	522.87	2026-04-08 10:19:32.198433+00	1
288	/api/v1/shared/certificate/24/pay/	POST	\N	200	168	589.55	2026-04-08 10:19:35.980369+00	1
292	/api/v1/shared/documents/list/	GET	\N	500	133957	47.45	2026-04-08 10:24:26.659315+00	1
296	/api/v1/shared/documents/list/	GET	\N	200	35154	86.05	2026-04-08 10:25:21.386969+00	1
300	/api/v1/shared/documents/5/	GET	\N	500	54	20.22	2026-04-08 10:26:01.548724+00	1
304	/api/v1/shared/documents/types/	GET	\N	200	1157	21.53	2026-04-08 10:26:38.735084+00	1
308	/api/v1/shared/certificate/5/status/	GET	\N	200	18	19.55	2026-04-08 10:27:30.156661+00	1
312	/api/v1/shared/certificate/5/pay/	POST	\N	200	168	659.11	2026-04-08 10:28:15.213553+00	1
253	/api/v1/shared/certificate/5/status/	GET	\N	200	18	20.41	2026-04-08 10:07:41.828259+00	1
257	/api/v1/shared/certificate/5/pay/	POST	\N	500	178767	51.61	2026-04-08 10:09:32.508372+00	1
261	/api/v1/shared/certificate/6/pay/	POST	\N	500	193749	63.59	2026-04-08 10:10:27.944668+00	1
265	/api/v1/shared/certificate/6/pay/	POST	\N	200	168	718.67	2026-04-08 10:12:00.603966+00	1
269	/api/v1/shared/certificate/6/pay/	POST	\N	500	178474	69.31	2026-04-08 10:13:16.908638+00	1
273	/api/v1/shared/certificate/5/pay/	POST	\N	200	168	655.53	2026-04-08 10:13:53.243801+00	1
277	/api/v1/shared/documents/	POST	{"title": "test", "certificate": "false", "type": "1"}	200	60	511.61	2026-04-08 10:14:37.595454+00	1
281	/api/v1/shared/certificate/24/pay/	POST	\N	500	194384	75.82	2026-04-08 10:16:55.380771+00	1
285	/api/v1/shared/certificate/24/pay/	POST	\N	200	168	405.43	2026-04-08 10:19:32.851653+00	1
289	/api/v1/shared/certificate/24/pay/	POST	\N	200	168	612.55	2026-04-08 10:19:37.00506+00	1
293	/api/v1/shared/documents/list/	GET	\N	500	133134	55.29	2026-04-08 10:25:06.576205+00	1
297	/api/v1/shared/documents/list/	GET	\N	200	35154	63.08	2026-04-08 10:25:50.64327+00	1
301	/api/v1/shared/documents/5/	GET	\N	404	29	27.89	2026-04-08 10:26:26.378556+00	1
305	/api/v1/shared/documents/	POST	{"title": "test", "certificate": "false", "type": "1"}	200	64	917.73	2026-04-08 10:26:50.055315+00	1
309	/api/v1/shared/certificate/5/download/	POST	{"full_name": "John Doe", "file_name": "John Doe", "document_type": 0}	400	74	21.57	2026-04-08 10:27:34.080551+00	1
313	/api/v1/shared/certificate/5/pay/	POST	\N	200	168	560.9	2026-04-08 10:37:12.852943+00	1
216	/api/v1/bot/save_tg_id/	POST	{"phone": "998947099971", "tg_id": "123455"}	200	44	21.25	2026-04-07 11:48:16.350524+00	1
219	/api/v1/bot/save_tg_id/	POST	{"phone": "998947099971", "tg_id": "123455"}	200	44	22.46	2026-04-07 11:48:16.852837+00	1
222	/api/v1/bot/save_tg_id/	POST	{"phone": "998947099971", "tg_id": "123455"}	200	44	21.01	2026-04-07 11:48:50.077537+00	1
225	/api/v1/bot/save_tg_id/	POST	{"phone": "998947099971", "tg_id": "123455"}	200	44	21.24	2026-04-07 11:48:50.981061+00	1
228	/api/v1/bot/save_tg_id/	POST	{"phone": "998947099971", "tg_id": "123455"}	200	44	31.78	2026-04-07 11:48:51.46635+00	1
231	/api/v1/bot/login/	POST	{"tg_id": "123455"}	200	541	43	2026-04-07 12:17:42.22668+00	1
234	/api/v1/bot/check_user/123457/	GET	\N	404	66	23.89	2026-04-07 14:00:49.844789+00	1
236	/api/v1/shared/documents/	POST	{}	400	185	21.13	2026-04-08 10:06:35.841671+00	1
239	/api/v1/shared/documents/1/	GET	\N	404	30	20.49	2026-04-08 10:06:58.376269+00	1
242	/api/v1/shared/documents/5/download/	GET	\N	200	5470	25.95	2026-04-08 10:07:25.755532+00	1
245	/api/v1/shared/orders/	GET	\N	200	22754	37.06	2026-04-08 10:07:30.549442+00	1
248	/api/v1/shared/orders/all/	GET	\N	200	672	24.4	2026-04-08 10:07:33.451298+00	1
251	/api/v1/shared/certificate/{document_id}/download/	POST	{"full_name": "John Doe", "file_name": "John Doe", "document_type": 0}	404	6917	10.99	2026-04-08 10:07:38.54856+00	1
254	/api/v1/shared/certificate/5/pay/	POST	\N	500	178767	74.71	2026-04-08 10:07:45.720177+00	1
258	/api/v1/shared/certificate/6/pay/	POST	\N	500	178683	48.3	2026-04-08 10:09:38.763626+00	1
262	/api/v1/shared/certificate/6/pay/	POST	\N	500	193741	75.61	2026-04-08 10:10:32.972355+00	1
266	/api/v1/shared/certificate/6/pay/	POST	\N	200	168	666.62	2026-04-08 10:12:06.137995+00	1
270	/api/v1/shared/certificate/6/pay/	POST	\N	500	178474	52.27	2026-04-08 10:13:17.722657+00	1
274	/api/v1/shared/documents/	POST	{"title": "test", "certificate": "false", "type": "1"}	200	60	822.84	2026-04-08 10:14:31.138423+00	1
278	/api/v1/shared/documents/	POST	{"title": "test", "certificate": "false", "type": "1"}	200	64	572.7	2026-04-08 10:15:04.009022+00	1
282	/api/v1/shared/certificate/24/pay/	POST	\N	200	168	668.61	2026-04-08 10:19:29.530764+00	1
286	/api/v1/shared/certificate/24/pay/	POST	\N	200	168	525.18	2026-04-08 10:19:33.72965+00	1
290	/api/v1/shared/documents/list/	GET	\N	500	133957	49.69	2026-04-08 10:23:11.293269+00	1
294	/api/v1/shared/documents/list/	GET	\N	500	133134	49.32	2026-04-08 10:25:07.29967+00	1
298	/api/v1/shared/documents/{id}/	GET	\N	404	7705	13.35	2026-04-08 10:25:58.879115+00	1
302	/api/v1/shared/documents/5/	GET	\N	404	29	25.61	2026-04-08 10:26:27.324067+00	1
306	/api/v1/shared/orders/	GET	\N	200	53341	105.05	2026-04-08 10:27:04.810818+00	1
310	/api/v1/shared/certificate/5/download/	POST	{"full_name": "John Doe", "file_name": "John Doe", "document_type": 1}	200	220045	7637.38	2026-04-08 10:27:46.418866+00	1
\.


--
-- Data for Name: modern_drf_swagger_team; Type: TABLE DATA; Schema: public; Owner: test
--

COPY public.modern_drf_swagger_team (id, name, description, created_at, updated_at) FROM stdin;
\.


--
-- Data for Name: modern_drf_swagger_teammember; Type: TABLE DATA; Schema: public; Owner: test
--

COPY public.modern_drf_swagger_teammember (id, role, created_at, team_id, user_id) FROM stdin;
\.


--
-- Data for Name: modern_drf_swagger_usagemetric; Type: TABLE DATA; Schema: public; Owner: test
--

COPY public.modern_drf_swagger_usagemetric (id, endpoint, date, request_count, error_count, average_latency) FROM stdin;
2	/api/v1/shared/api/documents/1/certificate/	2026-04-05	1	1	28.91
3	/api/v1/shared/api/documents/2/certificate/	2026-04-05	2	2	10012.505000000001
4	/api/v1/shared/certificate/2/status/	2026-04-05	1	0	19.19
5	/api/v1/shared/certificate/2/download/	2026-04-05	2	1	3576.31
31	/api/v1/shared/documents/9/download/	2026-04-06	1	0	21.85
42	/api/v1/bot/check_user/123457/	2026-04-07	1	1	23.89
6	/api/v1/shared/certificate/3/status/	2026-04-05	2	2	19.81
43	/api/v1/bot/check_user/1234567/	2026-04-07	1	0	19.21
54	/api/v1/shared/certificate/5/status/	2026-04-08	3	0	19.963333333333335
16	/api/v1/shared/ai_document/pay/7/	2026-04-06	4	3	2990.0975000000003
47	/api/v1/shared/documents/1/	2026-04-08	1	1	20.49
17	/api/v1/shared/ai_document/7/	2026-04-06	3	3	25.133333333333336
32	/api/v1/shared/ai_documents/8/download/	2026-04-06	12	10	37.005833333333335
7	/api/v1/shared/certificate/4/status/	2026-04-05	16	0	20.069375000000004
33	/api/v1/shared/ai_orders/	2026-04-06	1	0	37.6
8	/api/v1/shared/certificate/4/download/	2026-04-05	3	3	20.293333333333333
14	/api/v1/shared/ai_document/list/	2026-04-06	5	3	26.706
15	/api/v1/shared/ai_document/create/	2026-04-06	9	7	1857.02
9	/api/v1/shared/certificate/5/status/	2026-04-05	3	0	18.89
10	/api/v1/shared/certificate/5/download/	2026-04-05	1	0	6126.07
18	/api/v1/shared/ai_document/pay/8/	2026-04-06	1	0	574.73
11	/api/v1/shared/certificate/6/status/	2026-04-05	2	0	18.71
34	/api/v1/shared/ai_document/create/	2026-04-07	2	1	427.67
12	/api/v1/shared/certificate/7/status/	2026-04-05	4	0	21.82
48	/api/v1/shared/documents/12/	2026-04-08	1	1	19.8
1	/api/v1/shared/documents/	2026-04-05	8	1	876.78125
56	/api/v1/shared/certificate/5/download/	2026-04-08	4	3	1926.05
37	/api/v1/bot/register/	2026-04-07	76	75	21.304868421052635
19	/api/v1/shared/statistics/	2026-04-06	12	11	896.335
20	/api/v1/shared/orders/all/	2026-04-06	1	0	34.31
21	/api/v1/shared/certificate/1/download/	2026-04-06	1	1	20.75
13	/api/v1/shared/documents/	2026-04-06	13	13	85.98384615384614
22	/api/v1/shared/certificate/2/download/	2026-04-06	1	1	21.02
23	/api/v1/shared/certificate/4/download/	2026-04-06	1	1	20.58
24	/api/v1/shared/certificate/16/download/	2026-04-06	1	1	18.48
57	/api/v1/shared/certificate/5/pay/	2026-04-08	7	4	302.8071428571429
25	/api/v1/shared/orders/1/download/	2026-04-06	5	5	2021.4099999999994
26	/api/v1/shared/orders/3/download/	2026-04-06	1	1	20.79
27	/api/v1/shared/orders/2/download/	2026-04-06	1	1	11.85
28	/api/v1/shared/documents/1/download/	2026-04-06	1	1	19.9
29	/api/v1/shared/documents/2/download/	2026-04-06	1	1	20.25
30	/api/v1/shared/documents/4/download/	2026-04-06	1	1	20.18
35	/api/v1/users/profile/	2026-04-07	12	0	21.088333333333335
36	/api/v1/shared/check_file/	2026-04-07	1	0	880.97
53	/api/v1/shared/certificate/{document_id}/status/	2026-04-08	1	1	14.39
55	/api/v1/shared/certificate/{document_id}/download/	2026-04-08	1	1	10.99
38	/api/v1/bot/save_tg_id/	2026-04-07	18	0	22.537222222222223
39	/api/v1/bot/login/	2026-04-07	1	0	43
40	/api/v1/bot/check_user/123455/	2026-04-07	1	0	22.77
41	/api/v1/bot/check_user/123456/	2026-04-07	1	1	20.56
45	/api/v1/shared/documents/list/	2026-04-08	9	5	56.166666666666664
46	/api/v1/shared/documents/{id}/	2026-04-08	2	2	12.375
60	/api/v1/shared/documents/5/	2026-04-08	4	4	23.6225
49	/api/v1/shared/documents/5/download/	2026-04-08	4	1	27.447499999999998
50	/api/v1/shared/documents/types/	2026-04-08	2	0	21.89
44	/api/v1/shared/documents/	2026-04-08	7	1	533.8585714285714
51	/api/v1/shared/orders/	2026-04-08	3	0	58.89333333333334
58	/api/v1/shared/certificate/6/pay/	2026-04-08	15	9	335.7593333333333
59	/api/v1/shared/certificate/24/pay/	2026-04-08	11	3	442.0281818181818
52	/api/v1/shared/orders/all/	2026-04-08	3	0	27.47
\.


--
-- Data for Name: payme_transactions; Type: TABLE DATA; Schema: public; Owner: test
--

COPY public.payme_transactions (id, transaction_id, account_id, amount, state, cancel_reason, created_at, updated_at, performed_at, cancelled_at, fiscal_data) FROM stdin;
\.


--
-- Data for Name: shared_aidocument; Type: TABLE DATA; Schema: public; Owner: test
--

COPY public.shared_aidocument (id, created_at, updated_at, file, total_words, user_id, title) FROM stdin;
4	2026-04-06 13:23:41.208298+00	2026-04-06 13:23:41.764887+00	ai_documents/Xoliqberdiyev_Behruz_Bahromovich_6nw0NjW.pdf	392	1	test
5	2026-04-06 13:24:10.354275+00	2026-04-06 13:24:10.85149+00	ai_documents/Xoliqberdiyev_Behruz_Bahromovich_nvV0eKP.pdf	392	1	test
6	2026-04-06 13:24:31.236101+00	2026-04-06 13:24:31.639813+00	ai_documents/Xoliqberdiyev_Behruz_Bahromovich_8ixnR5Y.pdf	392	1	test
7	2026-04-06 13:24:47.458487+00	2026-04-06 13:24:48.019055+00	ai_documents/Xoliqberdiyev_Behruz_Bahromovich_vzjiT2H.pdf	392	1	test
8	2026-04-06 13:30:12.585783+00	2026-04-06 13:30:13.443818+00	ai_documents/certificate.pdf	237	1	fwefw
10	2026-04-07 10:26:15.885121+00	2026-04-07 10:26:16.684601+00	ai_documents/akt-kontragenta.xlsx	38	1	jhvjhb
\.


--
-- Data for Name: shared_aidocumentresult; Type: TABLE DATA; Schema: public; Owner: test
--

COPY public.shared_aidocumentresult (id, created_at, updated_at, result, document_id) FROM stdin;
1	2026-04-06 13:23:41.767489+00	2026-04-06 13:23:41.767503+00	{"ok": true, "res": {"ai": 96, "hash": "1424cb3c858d8a949703399ee23f014e", "text": "Xoliqberdiyev Behruz Bahromovich\\nMale, 16 years, born on 12 September 2009\\n+998 94 7099971\\nxoliqberdiyevbehruz12@gmail.com — preferred means of communication\\nReside in: Tashkent\\nCitizenship: Uzbekistan, work permit at: Uzbekistan\\nNot ready to relocate, ready for rare business trips\\nDesired position and salary\\nMiddle Backend Developer\\nSpecializations:\\n—  Programmer, developer\\nEmployment: part time, project work\\nWork schedule: full day\\nDesired travel time to work: any\\n400 $ in hand\\nWork experience — 1 year 5 months\\nJuly 2025 — till\\nnow\\n6 months\\nFelix IT Solutions\\nTashkent\\nIT, System Integration, Internet\\n• Internet Company Search Engines, Payment Systems, Social Networks, Information and\\nEducational, Entertainment Resources, Website Promotion etc.\\n• Software Development\\nBackend-разработчик\\nMiddle Backend Developer Part-time — Felix IT’s, Uzbekistan\\nBuilding and maintaining microservices architecture using Python Django/FastAPI and Golang.\\nDeveloping scalable APIs with gRPC and REST, integrating Redis and Celery for caching and\\nbackground task management.\\nDesigning and optimizing PostgreSQL databases and implementing high-performance query\\nstrategies.\\nContainerizing and deploying services using Docker and NGINX for efficient CI/CD workflows.\\nCollaborating with cross-functional teams to deliver reliable, production-grade backend solutions.\\nNovember 2024\\n— August 2025\\n10 months\\nRepid Agancy\\nBackend developer\\nhttps://www.onepc.uz/\\nhttps://www.motostan.uz/\\nhttps://www.wtcompany.uz/\\nhttps://play.google.com/store/apps/details?id=com.yourcompany.waiterpro&amp;hl=en\\nhttps://crmtmk.uz/\\nhttps://it-buyuk-zamon-nu.vercel.app/\\nhttp://media-zone.vercel.app/\\nhttp://kasimovstudio.uz/\\nResume updated 2 December 2025 at 17:25\\n\\nНа данный момент я написал и развернул серверную часть таких проектов, используя языки\\nпрограммирования Python и Go.\\nAugust 2024 —\\nDecember 2024\\n5 months\\nSaidoff academy\\nsaidoffacademy.uz/\\nBackend developer\\nhttps://rtholdings.uz/\\nhttps://bumen.uz/\\nhttps://chere.uz/\\nhttps://saidoffacademy.uz/\\nЯ работал в этой компании младшим разработчиком Python, и мы вместе с командой делали\\nbackend-часть нескольких проектов.\\nEducation\\nLevel\\nSecondary school\\nProfessional development, courses\\n2024\\nFull Stack Python\\nMohirdev, Python Developer\\nSkills\\nLanguages\\nUzbek — Native\\nSkills\\n Python      Go      Docker      Docker-compose      Linux      PostgreSQL \\n Django Framework      Django Rest Framework      Redis      Celery      Unit Testing \\n Git      gRPC      Microservices      Rust \\nFurther information\\nAbout me\\nSalom! Man backend dasturchiman, hozirgacha ikkita kompaniyada ishladim va ishlayapman, bu\\nkompaniyalarda 10 dan ortiq real loyihalarda ishtirok etganman, jomoa bilan yaxshi chiqishib\\nishlay olaman.\\nПривет! Я backend-разработчик, работал и работаю в двух компаниях, участвовал более чем\\nв 10 реальных проектах в этих компаниях, умею хорошо работать в команде.\\nHello! I am a backend developer, I have worked and am working for two companies so far, I have\\nparticipated in more than 10 real projects in these companies, I can work well with a team.\\nXoliqberdiyev Behruz  •  Resume updated 2 December 2025 at 17:25\\n", "citation": 4, "plagiarism": 60, "originality": 36}, "error": "", "success": "", "text_res": "Xoliqberdiyev Behruz Bahromovich\\nMale, 16<sel> years, born</sel> on 12 September 2009\\n+998 <sel>94 7099971</sel>\\nxoliqberdiyevbehruz12@gmail.com — preferred means of communication\\nReside <sel>in: Tashkent\\nCitizenship:</sel> <sel>Uzbekistan, work</sel> <sel>permit at: Uzbekistan</sel>\\n<sel>Not ready to</sel> <sel>relocate, ready for</sel> rare business <sel>trips\\nDesired position</sel> <sel>and salary\\nMiddle</sel> Backend Developer\\n<sel>Specializations:\\n—  Programmer,</sel> developer\\nEmployment: part time, <sel>project work\\nWork</sel> <sel>schedule: full day</sel>\\nDesired travel time <sel>to work: any</sel>\\n<sel>400 $</sel> in hand\\n<sel>Work experience —</sel> 1 <sel>year 5 months</sel>\\n<sel>July 2025 </sel>— till\\n<sel>now\\n6 months</sel>\\nFelix IT Solutions\\nTashkent\\n<sel>IT, System Integration,</sel> Internet\\n• Internet Company Search Engines, Payment Systems, Social Networks, Information and\\nEducational, Entertainment Resources, Website Promotion etc.\\n• Software <sel>Development\\nBackend-разработчик\\nMiddle</sel> Backend Developer Part-time — Felix <sel>IT’s, Uzbekistan\\nBuilding</sel> and maintaining microservices <sel>architecture using Python</sel> Django/FastAPI and Golang.\\nDeveloping <sel>scalable APIs with</sel> gRPC and REST, <sel>integrating Redis and</sel> Celery for caching <sel>and\\nbackground task</sel> management.\\nDesigning <sel>and optimizing PostgreSQL</sel> databases <sel>and implementing high-performance</sel> <sel>query\\nstrategies.\\nContainerizing</sel> and deploying services <sel>using Docker and</sel> NGINX <sel>for efficient CI/CD</sel> workflows.\\n<sel>Collaborating with cross-functional</sel> teams to deliver reliable, <sel>production-grade backend solutions.</sel>\\nNovember 2024\\n— August <sel>2025\\n10 months</sel>\\nRepid Agancy\\nBackend developer\\nhttps://www.onepc.uz/\\nhttps://www.motostan.uz/\\n<sel>https://www.wtcompany.uz/\\nhttps://play.google.com/store/apps/details?id=com.yourcompany.waiterpro&amp;hl=en\\nhttps://crmtmk.uz/</sel>\\nhttps://it-buyuk-zamon-nu.vercel.app/\\nhttp://media-zone.vercel.app/\\nhttp://kasimovstudio.uz/\\nResume <sel>updated 2 December</sel> 2025 at <sel>17:25\\n\\nНа данный</sel> момент я <sel>написал и развернул</sel> <sel>серверную часть таких</sel> проектов, <sel>используя языки\\nпрограммирования</sel> Python и Go.\\nAugust <sel>2024 —</sel>\\nDecember 2024\\n5 months\\nSaidoff academy\\nsaidoffacademy.uz/\\nBackend developer\\nhttps://rtholdings.uz/\\nhttps://bumen.uz/\\nhttps://chere.uz/\\nhttps://saidoffacademy.uz/\\n<sel>Я работал в</sel> этой компании <sel>младшим разработчиком Python,</sel> и мы вместе с командой делали\\nbackend-часть нескольких проектов.\\nEducation\\nLevel\\nSecondary school\\nProfessional development, courses\\n2024\\nFull Stack Python\\nMohirdev, Python Developer\\nSkills\\nLanguages\\nUzbek — <sel>Native\\nSkills\\n Python</sel>      Go      Docker      Docker-compose      Linux      PostgreSQL \\n Django <sel>Framework      Django Rest</sel> Framework      Redis      Celery      Unit Testing \\n Git      gRPC      <sel>Microservices      Rust \\nFurther</sel> information\\n<sel>About me\\nSalom!</sel> Man <sel>backend dasturchiman, hozirgacha</sel> ikkita kompaniyada ishladim <sel>va ishlayapman, bu</sel>\\n<sel>kompaniyalarda 10 dan</sel> ortiq real loyihalarda ishtirok etganman, jomoa <sel>bilan yaxshi chiqishib</sel>\\n<sel>ishlay olaman.\\nПривет!</sel> <sel>Я backend-разработчик, работал</sel> и работаю в двух компаниях, участвовал <sel>более чем\\nв</sel> 10 реальных проектах в этих компаниях, умею хорошо работать в команде.\\nHello! <sel>I am a</sel> backend developer, I have worked <sel>and am working</sel> <sel>for two companies</sel> so far, I have\\nparticipated <sel>in more than</sel> 10 real projects <sel>in these companies,</sel> I can work well with a team.\\nXoliqberdiyev Behruz  •  Resume updated <sel>2 December 2025</sel> at 17:25\\n", "analyze_text": {"Цифр": 79, "Гласных": 900, "URL найден": "Да", "Стоп-слов": 14, "ТОП-5 слов": "and(12), backend(10), https(10), uz(10), developer(7)", "Email найден": "Да", "Палиндром": "Нет", "Согласных": 1548, "Слов в CAPSLOCK": 23, "Без пробелов": 2787, "Дата найдена": "Нет", "Доля мусора (%)": 0, "Начало = Конец": "Нет", "Строчных букв": 2289, "Заглавных букв": 165, "Символов всего": 3153, "Телефон найден": "Нет", "Доля латиницы (%)": 87.33, "Мин. длина слова": 1, "Уникальных слов": 289, "Доля стоп-слов (%)": 3.18, "Наличие HTML-тегов": "Нет", "Доля кириллицы (%)": 12.67, "Количество строк": 88, "Макс. длина слова": 21, "Знаков препинания": 108, "Мусорные слова (шт)": 0, "Средняя длина слов": 5.76, "Количество абзацев": 1, "Вопросительный знак": "Да", "Восклицательный знак": "Да", "Заспамленность (max/total)": 0.03, "Общее количество слов": 440, "Слов длиной 16+ символов": 2, "Количество предложений": 38, "Полисиллабических слов": 163, "Макс. подряд повторов слова": 2, "Лексическая уникальность (%)": 65.68, "Доля полисиллабических слов (%)": 37.05, "Геометрическая средняя длина слов": 5.28, "Среднее количество слов в предложении": 11.58}}	4
2	2026-04-06 13:24:10.855369+00	2026-04-06 13:24:10.855385+00	{"ok": true, "res": {"ai": 96, "hash": "1424cb3c858d8a949703399ee23f014e", "text": "Xoliqberdiyev Behruz Bahromovich\\nMale, 16 years, born on 12 September 2009\\n+998 94 7099971\\nxoliqberdiyevbehruz12@gmail.com — preferred means of communication\\nReside in: Tashkent\\nCitizenship: Uzbekistan, work permit at: Uzbekistan\\nNot ready to relocate, ready for rare business trips\\nDesired position and salary\\nMiddle Backend Developer\\nSpecializations:\\n—  Programmer, developer\\nEmployment: part time, project work\\nWork schedule: full day\\nDesired travel time to work: any\\n400 $ in hand\\nWork experience — 1 year 5 months\\nJuly 2025 — till\\nnow\\n6 months\\nFelix IT Solutions\\nTashkent\\nIT, System Integration, Internet\\n• Internet Company Search Engines, Payment Systems, Social Networks, Information and\\nEducational, Entertainment Resources, Website Promotion etc.\\n• Software Development\\nBackend-разработчик\\nMiddle Backend Developer Part-time — Felix IT’s, Uzbekistan\\nBuilding and maintaining microservices architecture using Python Django/FastAPI and Golang.\\nDeveloping scalable APIs with gRPC and REST, integrating Redis and Celery for caching and\\nbackground task management.\\nDesigning and optimizing PostgreSQL databases and implementing high-performance query\\nstrategies.\\nContainerizing and deploying services using Docker and NGINX for efficient CI/CD workflows.\\nCollaborating with cross-functional teams to deliver reliable, production-grade backend solutions.\\nNovember 2024\\n— August 2025\\n10 months\\nRepid Agancy\\nBackend developer\\nhttps://www.onepc.uz/\\nhttps://www.motostan.uz/\\nhttps://www.wtcompany.uz/\\nhttps://play.google.com/store/apps/details?id=com.yourcompany.waiterpro&amp;hl=en\\nhttps://crmtmk.uz/\\nhttps://it-buyuk-zamon-nu.vercel.app/\\nhttp://media-zone.vercel.app/\\nhttp://kasimovstudio.uz/\\nResume updated 2 December 2025 at 17:25\\n\\nНа данный момент я написал и развернул серверную часть таких проектов, используя языки\\nпрограммирования Python и Go.\\nAugust 2024 —\\nDecember 2024\\n5 months\\nSaidoff academy\\nsaidoffacademy.uz/\\nBackend developer\\nhttps://rtholdings.uz/\\nhttps://bumen.uz/\\nhttps://chere.uz/\\nhttps://saidoffacademy.uz/\\nЯ работал в этой компании младшим разработчиком Python, и мы вместе с командой делали\\nbackend-часть нескольких проектов.\\nEducation\\nLevel\\nSecondary school\\nProfessional development, courses\\n2024\\nFull Stack Python\\nMohirdev, Python Developer\\nSkills\\nLanguages\\nUzbek — Native\\nSkills\\n Python      Go      Docker      Docker-compose      Linux      PostgreSQL \\n Django Framework      Django Rest Framework      Redis      Celery      Unit Testing \\n Git      gRPC      Microservices      Rust \\nFurther information\\nAbout me\\nSalom! Man backend dasturchiman, hozirgacha ikkita kompaniyada ishladim va ishlayapman, bu\\nkompaniyalarda 10 dan ortiq real loyihalarda ishtirok etganman, jomoa bilan yaxshi chiqishib\\nishlay olaman.\\nПривет! Я backend-разработчик, работал и работаю в двух компаниях, участвовал более чем\\nв 10 реальных проектах в этих компаниях, умею хорошо работать в команде.\\nHello! I am a backend developer, I have worked and am working for two companies so far, I have\\nparticipated in more than 10 real projects in these companies, I can work well with a team.\\nXoliqberdiyev Behruz  •  Resume updated 2 December 2025 at 17:25\\n", "citation": 4, "plagiarism": 60, "originality": 36}, "error": "", "success": "", "text_res": "<sel>Xoliqberdiyev Behruz Bahromovich</sel>\\nMale, 16 <sel>years, born on</sel> 12 September 2009\\n+998 94<sel> 7099971\\nxoliqberdiyevbehruz12@gmail.com</sel> — preferred means of communication\\nReside in: <sel>Tashkent\\nCitizenship: Uzbekistan,</sel><sel> work permit</sel> at: <sel>Uzbekistan\\nNot ready</sel> to <sel>relocate, ready for</sel> <sel>rare business trips</sel>\\nDesired position and salary\\nMiddle Backend Developer\\nSpecializations:\\n—  Programmer, <sel>developer\\nEmployment: part</sel> time, project <sel>work\\nWork schedule:</sel> full day\\nDesired travel time to work: any\\n400 $ in hand\\nWork experience — 1 year 5 months\\n<sel>July 2025 </sel>— till\\nnow\\n6 months\\nFelix IT Solutions\\nTashkent\\nIT, System <sel>Integration, Internet\\n•</sel> Internet Company Search Engines, Payment <sel>Systems, Social Networks,</sel> Information and\\nEducational, Entertainment Resources, <sel>Website Promotion etc.</sel>\\n• Software <sel>Development\\nBackend-разработчик\\nMiddle</sel> <sel>Backend Developer Part-time</sel> — Felix IT’s, Uzbekistan\\nBuilding and <sel>maintaining microservices architecture</sel> using Python <sel>Django/FastAPI and Golang.</sel>\\nDeveloping scalable APIs with gRPC and REST, integrating <sel>Redis and Celery</sel> for caching and\\nbackground task management.\\n<sel>Designing and optimizing</sel> PostgreSQL databases and <sel>implementing high-performance query</sel>\\nstrategies.\\nContainerizing and deploying services using Docker and <sel>NGINX for efficient</sel> CI/CD workflows.\\n<sel>Collaborating with cross-functional</sel> <sel>teams to deliver</sel> <sel>reliable, production-grade backend</sel> solutions.\\nNovember 2024\\n— August 2025\\n10 months\\nRepid <sel>Agancy\\nBackend developer</sel>\\n<sel>https://www.onepc.uz/\\nhttps://www.motostan.uz/\\nhttps://www.wtcompany.uz/</sel>\\nhttps://play.google.com/store/apps/details?id=com.yourcompany.waiterpro&amp;hl=en\\n<sel>https://crmtmk.uz/\\nhttps://it-buyuk-zamon-nu.vercel.app/\\nhttp://media-zone.vercel.app/</sel>\\nhttp://kasimovstudio.uz/\\nResume updated 2 December 2025 <sel>at 17:25\\n\\nНа</sel> данный момент я написал и развернул серверную <sel>часть таких проектов,</sel> используя <sel>языки\\nпрограммирования Python</sel> <sel>и Go.\\nAugust</sel> 2024 —\\nDecember 2024\\n<sel>5 months\\nSaidoff</sel> academy\\nsaidoffacademy.uz/\\nBackend developer\\nhttps://rtholdings.uz/\\nhttps://bumen.uz/\\n<sel>https://chere.uz/\\nhttps://saidoffacademy.uz/\\nЯ</sel> работал в этой <sel>компании младшим разработчиком</sel> Python, и мы вместе с командой <sel>делали\\nbackend-часть нескольких</sel> проектов.\\n<sel>Education\\nLevel\\nSecondary</sel> <sel>school\\nProfessional development,</sel> courses\\n2024\\nFull Stack Python\\nMohirdev, <sel>Python Developer\\nSkills</sel>\\n<sel>Languages\\nUzbek —</sel> Native\\nSkills\\n Python      Go      Docker      Docker-compose      Linux      <sel>PostgreSQL \\n Django Framework</sel>      Django Rest Framework      Redis      Celery      <sel>Unit Testing \\n Git</sel>      gRPC      Microservices      Rust \\nFurther information\\nAbout <sel>me\\nSalom! Man</sel> backend dasturchiman, hozirgacha ikkita kompaniyada ishladim va ishlayapman, <sel>bu\\nkompaniyalarda 10</sel> dan ortiq real loyihalarda ishtirok etganman, jomoa bilan yaxshi chiqishib\\nishlay olaman.\\nПривет! Я <sel>backend-разработчик, работал и</sel> работаю <sel>в двух компаниях,</sel> участвовал более <sel>чем\\nв 10</sel> реальных проектах в этих компаниях, умею хорошо работать в команде.\\nHello! I am a <sel>backend developer, I</sel> <sel>have worked and</sel> am working for two companies so far, I have\\nparticipated in <sel>more than 10</sel> real <sel>projects in these</sel> companies, I can work well with a team.\\nXoliqberdiyev <sel>Behruz  •  Resume</sel> updated <sel>2 December 2025</sel> at 17:25\\n", "analyze_text": {"Цифр": 79, "Гласных": 900, "URL найден": "Да", "Стоп-слов": 14, "ТОП-5 слов": "and(12), backend(10), https(10), uz(10), developer(7)", "Email найден": "Да", "Палиндром": "Нет", "Согласных": 1548, "Слов в CAPSLOCK": 23, "Без пробелов": 2787, "Дата найдена": "Нет", "Доля мусора (%)": 0, "Начало = Конец": "Нет", "Строчных букв": 2289, "Заглавных букв": 165, "Символов всего": 3153, "Телефон найден": "Нет", "Доля латиницы (%)": 87.33, "Мин. длина слова": 1, "Уникальных слов": 289, "Доля стоп-слов (%)": 3.18, "Наличие HTML-тегов": "Нет", "Доля кириллицы (%)": 12.67, "Количество строк": 88, "Макс. длина слова": 21, "Знаков препинания": 108, "Мусорные слова (шт)": 0, "Средняя длина слов": 5.76, "Количество абзацев": 1, "Вопросительный знак": "Да", "Восклицательный знак": "Да", "Заспамленность (max/total)": 0.03, "Общее количество слов": 440, "Слов длиной 16+ символов": 2, "Количество предложений": 38, "Полисиллабических слов": 163, "Макс. подряд повторов слова": 2, "Лексическая уникальность (%)": 65.68, "Доля полисиллабических слов (%)": 37.05, "Геометрическая средняя длина слов": 5.28, "Среднее количество слов в предложении": 11.58}}	5
3	2026-04-06 13:24:31.642183+00	2026-04-06 13:24:31.642194+00	{"ok": true, "res": {"ai": 96, "hash": "1424cb3c858d8a949703399ee23f014e", "text": "Xoliqberdiyev Behruz Bahromovich\\nMale, 16 years, born on 12 September 2009\\n+998 94 7099971\\nxoliqberdiyevbehruz12@gmail.com — preferred means of communication\\nReside in: Tashkent\\nCitizenship: Uzbekistan, work permit at: Uzbekistan\\nNot ready to relocate, ready for rare business trips\\nDesired position and salary\\nMiddle Backend Developer\\nSpecializations:\\n—  Programmer, developer\\nEmployment: part time, project work\\nWork schedule: full day\\nDesired travel time to work: any\\n400 $ in hand\\nWork experience — 1 year 5 months\\nJuly 2025 — till\\nnow\\n6 months\\nFelix IT Solutions\\nTashkent\\nIT, System Integration, Internet\\n• Internet Company Search Engines, Payment Systems, Social Networks, Information and\\nEducational, Entertainment Resources, Website Promotion etc.\\n• Software Development\\nBackend-разработчик\\nMiddle Backend Developer Part-time — Felix IT’s, Uzbekistan\\nBuilding and maintaining microservices architecture using Python Django/FastAPI and Golang.\\nDeveloping scalable APIs with gRPC and REST, integrating Redis and Celery for caching and\\nbackground task management.\\nDesigning and optimizing PostgreSQL databases and implementing high-performance query\\nstrategies.\\nContainerizing and deploying services using Docker and NGINX for efficient CI/CD workflows.\\nCollaborating with cross-functional teams to deliver reliable, production-grade backend solutions.\\nNovember 2024\\n— August 2025\\n10 months\\nRepid Agancy\\nBackend developer\\nhttps://www.onepc.uz/\\nhttps://www.motostan.uz/\\nhttps://www.wtcompany.uz/\\nhttps://play.google.com/store/apps/details?id=com.yourcompany.waiterpro&amp;hl=en\\nhttps://crmtmk.uz/\\nhttps://it-buyuk-zamon-nu.vercel.app/\\nhttp://media-zone.vercel.app/\\nhttp://kasimovstudio.uz/\\nResume updated 2 December 2025 at 17:25\\n\\nНа данный момент я написал и развернул серверную часть таких проектов, используя языки\\nпрограммирования Python и Go.\\nAugust 2024 —\\nDecember 2024\\n5 months\\nSaidoff academy\\nsaidoffacademy.uz/\\nBackend developer\\nhttps://rtholdings.uz/\\nhttps://bumen.uz/\\nhttps://chere.uz/\\nhttps://saidoffacademy.uz/\\nЯ работал в этой компании младшим разработчиком Python, и мы вместе с командой делали\\nbackend-часть нескольких проектов.\\nEducation\\nLevel\\nSecondary school\\nProfessional development, courses\\n2024\\nFull Stack Python\\nMohirdev, Python Developer\\nSkills\\nLanguages\\nUzbek — Native\\nSkills\\n Python      Go      Docker      Docker-compose      Linux      PostgreSQL \\n Django Framework      Django Rest Framework      Redis      Celery      Unit Testing \\n Git      gRPC      Microservices      Rust \\nFurther information\\nAbout me\\nSalom! Man backend dasturchiman, hozirgacha ikkita kompaniyada ishladim va ishlayapman, bu\\nkompaniyalarda 10 dan ortiq real loyihalarda ishtirok etganman, jomoa bilan yaxshi chiqishib\\nishlay olaman.\\nПривет! Я backend-разработчик, работал и работаю в двух компаниях, участвовал более чем\\nв 10 реальных проектах в этих компаниях, умею хорошо работать в команде.\\nHello! I am a backend developer, I have worked and am working for two companies so far, I have\\nparticipated in more than 10 real projects in these companies, I can work well with a team.\\nXoliqberdiyev Behruz  •  Resume updated 2 December 2025 at 17:25\\n", "citation": 4, "plagiarism": 60, "originality": 36}, "error": "", "success": "", "text_res": "Xoliqberdiyev Behruz <sel>Bahromovich\\nMale, 16</sel> <sel>years, born on</sel> 12 September 2009\\n+998 <sel>94 7099971</sel>\\n<sel>xoliqberdiyevbehruz12@gmail.com —</sel> preferred means of communication\\nReside in: Tashkent\\n<sel>Citizenship: Uzbekistan, </sel>work permit <sel>at: Uzbekistan\\nNot</sel> <sel>ready to relocate,</sel> ready for <sel>rare business trips</sel>\\nDesired <sel>position and salary</sel>\\nMiddle Backend Developer\\nSpecializations:\\n—  Programmer, developer\\nEmployment: part time, project work\\nWork schedule: <sel>full day\\nDesired</sel> travel time to <sel>work: any\\n400</sel> $ in hand\\nWork <sel>experience — 1</sel> year <sel>5 months\\nJuly</sel> 2025 — till\\nnow\\n<sel>6 months\\nFelix</sel> <sel>IT Solutions\\nTashkent</sel>\\nIT, System <sel>Integration, Internet\\n•</sel> Internet Company <sel>Search Engines, Payment</sel> Systems, Social Networks, Information <sel>and\\nEducational, Entertainment</sel> Resources, Website Promotion etc.\\n• Software Development\\nBackend-разработчик\\n<sel>Middle Backend Developer</sel> Part-time — Felix IT’s, Uzbekistan\\nBuilding and maintaining <sel>microservices architecture using</sel> Python Django/FastAPI and Golang.\\nDeveloping scalable APIs with gRPC and REST, integrating <sel>Redis and Celery</sel> for caching and\\nbackground task management.\\nDesigning and optimizing PostgreSQL databases and implementing high-performance query\\nstrategies.\\n<sel>Containerizing and deploying</sel> services using Docker <sel>and NGINX for</sel> efficient CI/CD workflows.\\nCollaborating with <sel>cross-functional teams to</sel> deliver <sel>reliable, production-grade backend</sel> solutions.\\nNovember 2024\\n— August <sel>2025\\n10 months</sel>\\nRepid <sel>Agancy\\nBackend developer</sel>\\nhttps://www.onepc.uz/\\nhttps://www.motostan.uz/\\nhttps://www.wtcompany.uz/\\n<sel>https://play.google.com/store/apps/details?id=com.yourcompany.waiterpro&amp;hl=en\\nhttps://crmtmk.uz/\\nhttps://it-buyuk-zamon-nu.vercel.app/</sel>\\nhttp://media-zone.vercel.app/\\nhttp://kasimovstudio.uz/\\nResume updated 2 December 2025 at 17:25\\n\\nНа данный момент я написал и развернул серверную часть таких <sel>проектов, используя языки</sel>\\n<sel>программирования Python и</sel> Go.\\nAugust 2024 —\\n<sel>December 2024\\n5</sel> months\\nSaidoff academy\\nsaidoffacademy.uz/\\n<sel>Backend developer\\nhttps://rtholdings.uz/</sel>\\n<sel>https://bumen.uz/\\nhttps://chere.uz/\\nhttps://saidoffacademy.uz/</sel>\\nЯ работал в этой компании <sel>младшим разработчиком Python,</sel> и мы вместе <sel>с командой делали</sel>\\nbackend-часть нескольких проектов.\\n<sel>Education\\nLevel\\nSecondary</sel> <sel>school\\nProfessional development,</sel> courses\\n2024\\nFull Stack Python\\nMohirdev, <sel>Python Developer\\nSkills</sel>\\nLanguages\\nUzbek — Native\\n<sel>Skills\\n Python      Go</sel>      Docker      Docker-compose      Linux      PostgreSQL \\n Django Framework      <sel>Django Rest Framework</sel>      Redis      Celery      Unit Testing \\n Git      gRPC      Microservices      Rust \\nFurther information\\nAbout me\\n<sel>Salom! Man backend</sel> dasturchiman, hozirgacha <sel>ikkita kompaniyada ishladim</sel> va ishlayapman, bu\\nkompaniyalarda 10 dan ortiq <sel>real loyihalarda ishtirok</sel> etganman, jomoa bilan yaxshi chiqishib\\nishlay <sel>olaman.\\nПривет! Я</sel> backend-разработчик, работал и <sel>работаю в двух</sel> <sel>компаниях, участвовал более</sel> чем\\n<sel>в 10 реальных</sel> проектах в <sel>этих компаниях, умею</sel> хорошо работать в команде.\\nHello! I <sel>am a backend</sel> <sel>developer, I have</sel> <sel>worked and am</sel> working for <sel>two companies so</sel> <sel>far, I have</sel>\\nparticipated in more than 10 real projects in these companies, I can <sel>work well with</sel> a team.\\nXoliqberdiyev <sel>Behruz  •  Resume</sel> updated 2 December 2025 at 17:25\\n", "analyze_text": {"Цифр": 79, "Гласных": 900, "URL найден": "Да", "Стоп-слов": 14, "ТОП-5 слов": "and(12), backend(10), https(10), uz(10), developer(7)", "Email найден": "Да", "Палиндром": "Нет", "Согласных": 1548, "Слов в CAPSLOCK": 23, "Без пробелов": 2787, "Дата найдена": "Нет", "Доля мусора (%)": 0, "Начало = Конец": "Нет", "Строчных букв": 2289, "Заглавных букв": 165, "Символов всего": 3153, "Телефон найден": "Нет", "Доля латиницы (%)": 87.33, "Мин. длина слова": 1, "Уникальных слов": 289, "Доля стоп-слов (%)": 3.18, "Наличие HTML-тегов": "Нет", "Доля кириллицы (%)": 12.67, "Количество строк": 88, "Макс. длина слова": 21, "Знаков препинания": 108, "Мусорные слова (шт)": 0, "Средняя длина слов": 5.76, "Количество абзацев": 1, "Вопросительный знак": "Да", "Восклицательный знак": "Да", "Заспамленность (max/total)": 0.03, "Общее количество слов": 440, "Слов длиной 16+ символов": 2, "Количество предложений": 38, "Полисиллабических слов": 163, "Макс. подряд повторов слова": 2, "Лексическая уникальность (%)": 65.68, "Доля полисиллабических слов (%)": 37.05, "Геометрическая средняя длина слов": 5.28, "Среднее количество слов в предложении": 11.58}}	6
4	2026-04-06 13:24:48.021465+00	2026-04-06 13:24:48.021475+00	{"ok": true, "res": {"ai": 96, "hash": "1424cb3c858d8a949703399ee23f014e", "text": "Xoliqberdiyev Behruz Bahromovich\\nMale, 16 years, born on 12 September 2009\\n+998 94 7099971\\nxoliqberdiyevbehruz12@gmail.com — preferred means of communication\\nReside in: Tashkent\\nCitizenship: Uzbekistan, work permit at: Uzbekistan\\nNot ready to relocate, ready for rare business trips\\nDesired position and salary\\nMiddle Backend Developer\\nSpecializations:\\n—  Programmer, developer\\nEmployment: part time, project work\\nWork schedule: full day\\nDesired travel time to work: any\\n400 $ in hand\\nWork experience — 1 year 5 months\\nJuly 2025 — till\\nnow\\n6 months\\nFelix IT Solutions\\nTashkent\\nIT, System Integration, Internet\\n• Internet Company Search Engines, Payment Systems, Social Networks, Information and\\nEducational, Entertainment Resources, Website Promotion etc.\\n• Software Development\\nBackend-разработчик\\nMiddle Backend Developer Part-time — Felix IT’s, Uzbekistan\\nBuilding and maintaining microservices architecture using Python Django/FastAPI and Golang.\\nDeveloping scalable APIs with gRPC and REST, integrating Redis and Celery for caching and\\nbackground task management.\\nDesigning and optimizing PostgreSQL databases and implementing high-performance query\\nstrategies.\\nContainerizing and deploying services using Docker and NGINX for efficient CI/CD workflows.\\nCollaborating with cross-functional teams to deliver reliable, production-grade backend solutions.\\nNovember 2024\\n— August 2025\\n10 months\\nRepid Agancy\\nBackend developer\\nhttps://www.onepc.uz/\\nhttps://www.motostan.uz/\\nhttps://www.wtcompany.uz/\\nhttps://play.google.com/store/apps/details?id=com.yourcompany.waiterpro&amp;hl=en\\nhttps://crmtmk.uz/\\nhttps://it-buyuk-zamon-nu.vercel.app/\\nhttp://media-zone.vercel.app/\\nhttp://kasimovstudio.uz/\\nResume updated 2 December 2025 at 17:25\\n\\nНа данный момент я написал и развернул серверную часть таких проектов, используя языки\\nпрограммирования Python и Go.\\nAugust 2024 —\\nDecember 2024\\n5 months\\nSaidoff academy\\nsaidoffacademy.uz/\\nBackend developer\\nhttps://rtholdings.uz/\\nhttps://bumen.uz/\\nhttps://chere.uz/\\nhttps://saidoffacademy.uz/\\nЯ работал в этой компании младшим разработчиком Python, и мы вместе с командой делали\\nbackend-часть нескольких проектов.\\nEducation\\nLevel\\nSecondary school\\nProfessional development, courses\\n2024\\nFull Stack Python\\nMohirdev, Python Developer\\nSkills\\nLanguages\\nUzbek — Native\\nSkills\\n Python      Go      Docker      Docker-compose      Linux      PostgreSQL \\n Django Framework      Django Rest Framework      Redis      Celery      Unit Testing \\n Git      gRPC      Microservices      Rust \\nFurther information\\nAbout me\\nSalom! Man backend dasturchiman, hozirgacha ikkita kompaniyada ishladim va ishlayapman, bu\\nkompaniyalarda 10 dan ortiq real loyihalarda ishtirok etganman, jomoa bilan yaxshi chiqishib\\nishlay olaman.\\nПривет! Я backend-разработчик, работал и работаю в двух компаниях, участвовал более чем\\nв 10 реальных проектах в этих компаниях, умею хорошо работать в команде.\\nHello! I am a backend developer, I have worked and am working for two companies so far, I have\\nparticipated in more than 10 real projects in these companies, I can work well with a team.\\nXoliqberdiyev Behruz  •  Resume updated 2 December 2025 at 17:25\\n", "citation": 4, "plagiarism": 60, "originality": 36}, "error": "", "success": "", "text_res": "Xoliqberdiyev Behruz Bahromovich\\nMale, <sel>16 years,</sel> born on 12 September 2009\\n+998 94<sel> 7099971\\nxoliqberdiyevbehruz12@gmail.com</sel> <sel>— preferred</sel> means of <sel>communication\\nReside in:</sel> Tashkent\\nCitizenship: <sel>Uzbekistan, work</sel> <sel>permit at: Uzbekistan</sel>\\n<sel>Not ready to</sel> relocate, <sel>ready for rare</sel> business <sel>trips\\nDesired position</sel> <sel>and salary\\nMiddle</sel> Backend Developer\\nSpecializations:\\n—  Programmer, <sel>developer\\nEmployment: part</sel> time, project work\\nWork schedule: full <sel>day\\nDesired travel</sel> time to work: any\\n400<sel> $ in</sel> hand\\n<sel>Work experience —</sel> 1 year 5 months\\nJuly 2025 — till\\nnow\\n<sel>6 months\\nFelix</sel> IT <sel>Solutions\\nTashkent\\nIT,</sel> <sel>System Integration, Internet</sel>\\n• Internet Company Search Engines, Payment Systems, Social Networks, Information and\\n<sel>Educational, Entertainment Resources,</sel> Website Promotion etc.\\n• Software Development\\nBackend-разработчик\\nMiddle Backend Developer Part-time — Felix IT’s, Uzbekistan\\nBuilding and maintaining microservices architecture using Python Django/FastAPI <sel>and Golang.\\nDeveloping</sel> scalable APIs with gRPC and REST, integrating Redis and Celery for <sel>caching and\\nbackground</sel> <sel>task management.\\nDesigning</sel> and optimizing PostgreSQL databases and implementing high-performance <sel>query\\nstrategies.\\nContainerizing</sel> and deploying services using Docker and NGINX for efficient CI/CD <sel>workflows.\\nCollaborating with</sel> cross-functional teams <sel>to deliver reliable,</sel> production-grade backend solutions.\\nNovember <sel>2024\\n— August</sel> 2025\\n10 months\\nRepid Agancy\\n<sel>Backend developer\\nhttps://www.onepc.uz/</sel>\\nhttps://www.motostan.uz/\\nhttps://www.wtcompany.uz/\\nhttps://play.google.com/store/apps/details?id=com.yourcompany.waiterpro&amp;hl=en\\n<sel>https://crmtmk.uz/\\nhttps://it-buyuk-zamon-nu.vercel.app/\\nhttp://media-zone.vercel.app/</sel>\\nhttp://kasimovstudio.uz/\\n<sel>Resume updated 2</sel> December 2025 at <sel>17:25\\n\\nНа данный</sel> <sel>момент я написал</sel> и развернул серверную часть таких <sel>проектов, используя языки</sel>\\nпрограммирования Python <sel>и Go.\\nAugust</sel> <sel>2024 —</sel>\\n<sel>December 2024\\n5</sel> months\\nSaidoff academy\\n<sel>saidoffacademy.uz/\\nBackend developer</sel>\\nhttps://rtholdings.uz/\\nhttps://bumen.uz/\\nhttps://chere.uz/\\n<sel>https://saidoffacademy.uz/\\nЯ работал</sel> в этой компании младшим разработчиком Python, и мы вместе с <sel>командой делали\\nbackend-часть</sel> нескольких проектов.\\nEducation\\nLevel\\nSecondary <sel>school\\nProfessional development,</sel> courses\\n2024\\nFull Stack Python\\n<sel>Mohirdev, Python Developer</sel>\\nSkills\\nLanguages\\nUzbek — <sel>Native\\nSkills\\n Python</sel>      Go      <sel>Docker      Docker-compose      Linux</sel>      PostgreSQL \\n <sel>Django Framework      Django</sel> Rest Framework      Redis      Celery      Unit Testing \\n Git      gRPC      Microservices      <sel>Rust \\nFurther information</sel>\\nAbout me\\nSalom! Man backend dasturchiman, <sel>hozirgacha ikkita kompaniyada</sel> ishladim va ishlayapman, bu\\nkompaniyalarda <sel>10 dan ortiq</sel> <sel>real loyihalarda ishtirok</sel> etganman, jomoa <sel>bilan yaxshi chiqishib</sel>\\nishlay <sel>olaman.\\nПривет! Я</sel> backend-разработчик, работал и работаю в двух компаниях, участвовал <sel>более чем\\nв</sel> 10 <sel>реальных проектах в</sel> этих компаниях, умею хорошо работать в команде.\\nHello! <sel>I am a</sel> <sel>backend developer, I</sel> have worked and am working for two companies so far, I have\\nparticipated <sel>in more than</sel> 10 real <sel>projects in these</sel> <sel>companies, I can</sel> <sel>work well with</sel> a <sel>team.\\nXoliqberdiyev Behruz</sel>  •  <sel>Resume updated 2</sel> December 2025 at 17:25\\n", "analyze_text": {"Цифр": 79, "Гласных": 900, "URL найден": "Да", "Стоп-слов": 14, "ТОП-5 слов": "and(12), backend(10), https(10), uz(10), developer(7)", "Email найден": "Да", "Палиндром": "Нет", "Согласных": 1548, "Слов в CAPSLOCK": 23, "Без пробелов": 2787, "Дата найдена": "Нет", "Доля мусора (%)": 0, "Начало = Конец": "Нет", "Строчных букв": 2289, "Заглавных букв": 165, "Символов всего": 3153, "Телефон найден": "Нет", "Доля латиницы (%)": 87.33, "Мин. длина слова": 1, "Уникальных слов": 289, "Доля стоп-слов (%)": 3.18, "Наличие HTML-тегов": "Нет", "Доля кириллицы (%)": 12.67, "Количество строк": 88, "Макс. длина слова": 21, "Знаков препинания": 108, "Мусорные слова (шт)": 0, "Средняя длина слов": 5.76, "Количество абзацев": 1, "Вопросительный знак": "Да", "Восклицательный знак": "Да", "Заспамленность (max/total)": 0.03, "Общее количество слов": 440, "Слов длиной 16+ символов": 2, "Количество предложений": 38, "Полисиллабических слов": 163, "Макс. подряд повторов слова": 2, "Лексическая уникальность (%)": 65.68, "Доля полисиллабических слов (%)": 37.05, "Геометрическая средняя длина слов": 5.28, "Среднее количество слов в предложении": 11.58}}	7
5	2026-04-06 13:30:13.446203+00	2026-04-06 13:30:13.446213+00	{"ok": true, "res": {"ai": 80, "hash": "a5b853e8cd7e3fc9ef4075a5e7d425f7", "text": "U S H B U  S E R T I F I K A T  Q U Y I D A G I  S H A X S G A  T E G I S H L I  \\nSokhibjon aaaOrzikulov\\ntomonidan taqdim etilgan hujjat plagiat tekshiruvidan o&039;tkazildi \\nResume / CV\\nI G I N A L L I K\\n0%\\nI N A L\\nS U N &039; I Y  I N T E L L E K T\\n10%\\nA I\\nP L A G I A T\\n0%\\nP L A G I A T\\nI Q T I B O S\\n10%\\nI Q T I B O S\\n№ 2 0 2 6 0 4 0 2  /  3 4 0 0 7 A 1 D\\nS E R T I F I K A T\\nB E R I L G A N\\nS A N A\\n21.03.2026\\nA N T I -\\nP L A G I A T . U Z\\nAnti-\\nPlagiat.uz\\nJ A M I\\nS O &039; Z L A R\\n1477\\nU N I KA L\\nS O &039; Z L A R\\n593\\nL E K S I K\\nU N I KA L L I K\\n40,15\\n%\\nJ U M L A L A R\\nS O N I\\n105\\n✔\\nT A S D I Q L A N D I\\n34007a1d41dd5d21ad8b450fc942a421\\n", "citation": 3, "plagiarism": 20, "originality": 77}, "error": "", "success": "", "text_res": "U S H <sel>B U  S</sel> E R T I F I K A T  Q U Y I D A G I  S H A X S G A  T <sel>E G I</sel> S H L I  \\nSokhibjon aaaOrzikulov\\ntomonidan taqdim etilgan hujjat plagiat tekshiruvidan o&039;tkazildi \\nResume / CV\\nI G I N A L L I K\\n0%\\nI N A L\\nS U N &039; I Y  I N T E L L E <sel>K T\\n10%</sel>\\nA <sel>I\\nP L</sel> A G I A T\\n0%\\nP L A <sel>G I A</sel> <sel>T\\nI Q</sel> T I B O S\\n10%\\nI Q T I B O S\\n№ 2 0 2 6 0 4 0 2  /  3 4 0 0 7 A 1 D\\nS E R T I F I K A T\\nB E R <sel>I L G</sel> A N\\nS A N A\\n21.03.2026\\nA N T I -\\nP L A G I A T . U Z\\nAnti-\\nPlagiat.uz\\nJ A M I\\nS O &039; Z L A R\\n1477\\nU N I KA L\\nS O &039; Z L A R\\n593\\nL E K S I K\\nU N I KA L L I K\\n40,15\\n%\\nJ U M L A L A R\\n<sel>S O N</sel> I\\n105\\n✔\\nT A S D I Q L A N D I\\n34007a1d41dd5d21ad8b450fc942a421\\n", "analyze_text": {"Цифр": 75, "Гласных": 125, "URL найден": "Нет", "Стоп-слов": 0, "ТОП-5 слов": "i(32), a(26), l(19), s(15), t(14)", "Email найден": "Нет", "Палиндром": "Нет", "Согласных": 177, "Слов в CAPSLOCK": 14, "Без пробелов": 441, "Дата найдена": "Да", "Доля мусора (%)": 0, "Начало = Конец": "Нет", "Строчных букв": 103, "Заглавных букв": 199, "Символов всего": 647, "Телефон найден": "Да", "Доля латиницы (%)": 100, "Мин. длина слова": 1, "Уникальных слов": 55, "Доля стоп-слов (%)": 0, "Наличие HTML-тегов": "Нет", "Доля кириллицы (%)": 0, "Количество строк": 42, "Макс. длина слова": 32, "Знаков препинания": 11, "Мусорные слова (шт)": 0, "Средняя длина слов": 1.6, "Количество абзацев": 0, "Вопросительный знак": "Нет", "Восклицательный знак": "Нет", "Заспамленность (max/total)": 0.14, "Общее количество слов": 236, "Слов длиной 16+ символов": 1, "Количество предложений": 5, "Полисиллабических слов": 10, "Макс. подряд повторов слова": 2, "Лексическая уникальность (%)": 23.31, "Доля полисиллабических слов (%)": 4.24, "Геометрическая средняя длина слов": 4.12, "Среднее количество слов в предложении": 47.2}}	8
6	2026-04-07 10:26:16.688663+00	2026-04-07 10:26:16.688674+00	{"ok": true, "res": {"ai": 88, "hash": "e732e2e5bc113a90e5cdbb093714e26d", "text": "=== Объёмщики ИП «Холиков Фарход» ===\\n |  |  |  |  |  |  | \\n№ | Дата | Источник | UZS |  | USD |  | Курс валют\\n |  |  | Приход | Расход | Приход | Расход | ", "citation": 2, "plagiarism": 73, "originality": 25}, "error": "", "success": "", "text_res": "=== <sel>Объёмщики ИП «Холиков</sel> Фарход» ===\\n |  |  |  |  |  <sel>|  | \\n№</sel> | Дата <sel>| Источник |</sel> UZS |  <sel>| USD |</sel>  | Курс <sel>валют\\n |  |</sel>  | <sel>Приход | Расход</sel> | Приход | Расход | ", "analyze_text": {"Цифр": 0, "Гласных": 28, "URL найден": "Нет", "Стоп-слов": 0, "ТОП-5 слов": "приход(2), расход(2), объёмщики(1), ип(1), холиков(1)", "Email найден": "Нет", "Палиндром": "Нет", "Согласных": 46, "Слов в CAPSLOCK": 0, "Без пробелов": 108, "Дата найдена": "Нет", "Доля мусора (%)": 0, "Начало = Конец": "Нет", "Строчных букв": 56, "Заглавных букв": 18, "Символов всего": 155, "Телефон найден": "Нет", "Доля латиницы (%)": 8.11, "Мин. длина слова": 2, "Уникальных слов": 12, "Доля стоп-слов (%)": 0, "Наличие HTML-тегов": "Нет", "Доля кириллицы (%)": 91.89, "Количество строк": 4, "Макс. длина слова": 9, "Знаков препинания": 0, "Мусорные слова (шт)": 0, "Средняя длина слов": 5.36, "Количество абзацев": 0, "Вопросительный знак": "Нет", "Восклицательный знак": "Нет", "Заспамленность (max/total)": 0.14, "Общее количество слов": 14, "Слов длиной 16+ символов": 0, "Количество предложений": 1, "Полисиллабических слов": 3, "Макс. подряд повторов слова": 1, "Лексическая уникальность (%)": 85.71, "Доля полисиллабических слов (%)": 21.43, "Геометрическая средняя длина слов": 4.97, "Среднее количество слов в предложении": 14}}	10
\.


--
-- Data for Name: shared_document; Type: TABLE DATA; Schema: public; Owner: test
--

COPY public.shared_document (id, created_at, updated_at, title, certificate, file, text, user_id, certificate_file, type_id) FROM stdin;
6	2026-04-05 08:38:13.436716+00	2026-04-05 08:38:27.207446+00	Behruz	f	documents/Xoliqberdiyev_Behruz_Bahromovich_gWw7H4m.pdf	\N	1	certificates/sertifikat_Behruz_I5dgQlE.pdf	\N
7	2026-04-05 08:39:22.190533+00	2026-04-05 08:39:35.493815+00	wlfwonf	f	documents/sertifikat_test.pdf	\N	1	certificates/sertifikat_wlfwonf_6NHzv0H.pdf	\N
8	2026-04-05 08:41:23.515821+00	2026-04-05 08:41:36.098999+00	erwthyjg	f	documents/kontragent-akt5.xlsx	\N	1	certificates/sertifikat_erwthyjg_6hp4qjL.pdf	\N
9	2026-04-05 08:43:11.197059+00	2026-04-05 08:43:22.913193+00	erwthyjg	f	documents/kontragent-akt5_Awzunqz.xlsx	\N	1	certificates/sertifikat_erwthyjg_lXZWflR.pdf	\N
20	2026-04-08 10:14:30.33953+00	2026-04-08 10:14:30.339542+00	test	f	documents/cash_transactions1.xlsx	\N	1		1
21	2026-04-08 10:14:35.217938+00	2026-04-08 10:14:35.217953+00	test	f	documents/cash_transactions1_jR3DyRu.xlsx	\N	1		1
22	2026-04-08 10:14:36.367192+00	2026-04-08 10:14:36.367204+00	test	f	documents/cash_transactions1_9vEEPAH.xlsx	\N	1		1
23	2026-04-08 10:14:37.103984+00	2026-04-08 10:14:37.103995+00	test	f	documents/cash_transactions1_htVZa5b.xlsx	\N	1		1
24	2026-04-08 10:15:03.457474+00	2026-04-08 10:15:03.457487+00	test	f	documents/cash_transactions1_SSk6GaK.xlsx	\N	1		1
25	2026-04-08 10:26:49.160176+00	2026-04-08 10:26:49.160188+00	test	f	documents/buyurtmalar_2026-01-08.xlsx	\N	1		1
5	2026-04-05 08:36:21.141891+00	2026-04-08 10:28:02.279267+00	Xoliqberdiyev Behruz's Resume	f	documents/akt-kontragenta_aEoitDu.xlsx		1	certificates/sertifikat_Xoliqberdiyev_Behruz_s_Resume_6HOM1k3.pdf	\N
\.


--
-- Data for Name: shared_documentresult; Type: TABLE DATA; Schema: public; Owner: test
--

COPY public.shared_documentresult (id, created_at, updated_at, result_json, document_id) FROM stdin;
3	2026-04-05 08:36:21.630816+00	2026-04-05 08:36:21.630827+00	{"ok": true, "res": {"ai": 82, "hash": "e732e2e5bc113a90e5cdbb093714e26d", "text": "=== Объёмщики ИП «Холиков Фарход» ===\\n |  |  |  |  |  |  | \\n№ | Дата | Источник | UZS |  | USD |  | Курс валют\\n |  |  | Приход | Расход | Приход | Расход | ", "citation": 3, "plagiarism": 24, "originality": 73}, "error": "", "success": "", "text_res": "=== Объёмщики ИП «Холиков Фарход» ===\\n |  |  |  <sel>|  |  |</sel>  | \\n№ | Дата | <sel>Источник | UZS</sel> |  <sel>| USD |</sel>  | Курс валют\\n |  |  | Приход | Расход | Приход | Расход | ", "analyze_text": {"Цифр": 0, "Гласных": 28, "URL найден": "Нет", "Стоп-слов": 0, "ТОП-5 слов": "приход(2), расход(2), объёмщики(1), ип(1), холиков(1)", "Email найден": "Нет", "Палиндром": "Нет", "Согласных": 46, "Слов в CAPSLOCK": 0, "Без пробелов": 108, "Дата найдена": "Нет", "Доля мусора (%)": 0, "Начало = Конец": "Нет", "Строчных букв": 56, "Заглавных букв": 18, "Символов всего": 155, "Телефон найден": "Нет", "Доля латиницы (%)": 8.11, "Мин. длина слова": 2, "Уникальных слов": 12, "Доля стоп-слов (%)": 0, "Наличие HTML-тегов": "Нет", "Доля кириллицы (%)": 91.89, "Количество строк": 4, "Макс. длина слова": 9, "Знаков препинания": 0, "Мусорные слова (шт)": 0, "Средняя длина слов": 5.36, "Количество абзацев": 0, "Вопросительный знак": "Нет", "Восклицательный знак": "Нет", "Заспамленность (max/total)": 0.14, "Общее количество слов": 14, "Слов длиной 16+ символов": 0, "Количество предложений": 1, "Полисиллабических слов": 3, "Макс. подряд повторов слова": 1, "Лексическая уникальность (%)": 85.71, "Доля полисиллабических слов (%)": 21.43, "Геометрическая средняя длина слов": 4.97, "Среднее количество слов в предложении": 14}}	5
4	2026-04-05 08:38:14.749856+00	2026-04-05 08:38:14.749877+00	{"ok": true, "res": {"ai": 88, "hash": "1424cb3c858d8a949703399ee23f014e", "text": "Xoliqberdiyev Behruz Bahromovich\\nMale, 16 years, born on 12 September 2009\\n+998 94 7099971\\nxoliqberdiyevbehruz12@gmail.com — preferred means of communication\\nReside in: Tashkent\\nCitizenship: Uzbekistan, work permit at: Uzbekistan\\nNot ready to relocate, ready for rare business trips\\nDesired position and salary\\nMiddle Backend Developer\\nSpecializations:\\n—  Programmer, developer\\nEmployment: part time, project work\\nWork schedule: full day\\nDesired travel time to work: any\\n400 $ in hand\\nWork experience — 1 year 5 months\\nJuly 2025 — till\\nnow\\n6 months\\nFelix IT Solutions\\nTashkent\\nIT, System Integration, Internet\\n• Internet Company Search Engines, Payment Systems, Social Networks, Information and\\nEducational, Entertainment Resources, Website Promotion etc.\\n• Software Development\\nBackend-разработчик\\nMiddle Backend Developer Part-time — Felix IT’s, Uzbekistan\\nBuilding and maintaining microservices architecture using Python Django/FastAPI and Golang.\\nDeveloping scalable APIs with gRPC and REST, integrating Redis and Celery for caching and\\nbackground task management.\\nDesigning and optimizing PostgreSQL databases and implementing high-performance query\\nstrategies.\\nContainerizing and deploying services using Docker and NGINX for efficient CI/CD workflows.\\nCollaborating with cross-functional teams to deliver reliable, production-grade backend solutions.\\nNovember 2024\\n— August 2025\\n10 months\\nRepid Agancy\\nBackend developer\\nhttps://www.onepc.uz/\\nhttps://www.motostan.uz/\\nhttps://www.wtcompany.uz/\\nhttps://play.google.com/store/apps/details?id=com.yourcompany.waiterpro&amp;hl=en\\nhttps://crmtmk.uz/\\nhttps://it-buyuk-zamon-nu.vercel.app/\\nhttp://media-zone.vercel.app/\\nhttp://kasimovstudio.uz/\\nResume updated 2 December 2025 at 17:25\\n\\nНа данный момент я написал и развернул серверную часть таких проектов, используя языки\\nпрограммирования Python и Go.\\nAugust 2024 —\\nDecember 2024\\n5 months\\nSaidoff academy\\nsaidoffacademy.uz/\\nBackend developer\\nhttps://rtholdings.uz/\\nhttps://bumen.uz/\\nhttps://chere.uz/\\nhttps://saidoffacademy.uz/\\nЯ работал в этой компании младшим разработчиком Python, и мы вместе с командой делали\\nbackend-часть нескольких проектов.\\nEducation\\nLevel\\nSecondary school\\nProfessional development, courses\\n2024\\nFull Stack Python\\nMohirdev, Python Developer\\nSkills\\nLanguages\\nUzbek — Native\\nSkills\\n Python      Go      Docker      Docker-compose      Linux      PostgreSQL \\n Django Framework      Django Rest Framework      Redis      Celery      Unit Testing \\n Git      gRPC      Microservices      Rust \\nFurther information\\nAbout me\\nSalom! Man backend dasturchiman, hozirgacha ikkita kompaniyada ishladim va ishlayapman, bu\\nkompaniyalarda 10 dan ortiq real loyihalarda ishtirok etganman, jomoa bilan yaxshi chiqishib\\nishlay olaman.\\nПривет! Я backend-разработчик, работал и работаю в двух компаниях, участвовал более чем\\nв 10 реальных проектах в этих компаниях, умею хорошо работать в команде.\\nHello! I am a backend developer, I have worked and am working for two companies so far, I have\\nparticipated in more than 10 real projects in these companies, I can work well with a team.\\nXoliqberdiyev Behruz  •  Resume updated 2 December 2025 at 17:25\\n", "citation": 3, "plagiarism": 30, "originality": 67}, "error": "", "success": "", "text_res": "Xoliqberdiyev Behruz Bahromovich\\nMale, 16 years, born on 12 September 2009\\n+998 94 7099971\\nxoliqberdiyevbehruz12@gmail.com — preferred means of communication\\nReside in: Tashkent\\nCitizenship: <sel>Uzbekistan, work</sel> permit at: Uzbekistan\\nNot ready to relocate, ready for rare business trips\\nDesired position and salary\\nMiddle Backend Developer\\nSpecializations:\\n—  Programmer, developer\\nEmployment: <sel>part time, project</sel> work\\nWork schedule: full day\\nDesired travel <sel>time to work:</sel> <sel>any\\n400 </sel>$ in hand\\nWork experience — 1 year 5 months\\nJuly <sel>2025 —</sel> till\\nnow\\n6 months\\nFelix IT Solutions\\nTashkent\\nIT, System Integration, Internet\\n• Internet Company Search Engines, Payment Systems, Social Networks, <sel>Information and\\nEducational,</sel> Entertainment Resources, Website <sel>Promotion etc.\\n•</sel> Software Development\\n<sel>Backend-разработчик\\nMiddle Backend</sel> Developer Part-time — Felix IT’s, Uzbekistan\\nBuilding and <sel>maintaining microservices architecture</sel> using Python Django/FastAPI and Golang.\\nDeveloping scalable APIs with gRPC and REST, integrating Redis and Celery for caching and\\nbackground task <sel>management.\\nDesigning and</sel> optimizing PostgreSQL databases <sel>and implementing high-performance</sel> query\\nstrategies.\\nContainerizing and deploying services using Docker and NGINX for efficient CI/CD workflows.\\nCollaborating with cross-functional teams <sel>to deliver reliable,</sel> production-grade backend solutions.\\nNovember 2024\\n— August 2025\\n10 months\\nRepid Agancy\\nBackend developer\\nhttps://www.onepc.uz/\\nhttps://www.motostan.uz/\\nhttps://www.wtcompany.uz/\\nhttps://play.google.com/store/apps/details?id=com.yourcompany.waiterpro&amp;hl=en\\nhttps://crmtmk.uz/\\nhttps://it-buyuk-zamon-nu.vercel.app/\\nhttp://media-zone.vercel.app/\\nhttp://kasimovstudio.uz/\\nResume updated <sel>2 December 2025</sel> at 17:25\\n\\nНа данный момент я написал и развернул серверную часть таких проектов, используя <sel>языки\\nпрограммирования Python</sel> и <sel>Go.\\nAugust 2024</sel> —\\nDecember 2024\\n5 months\\nSaidoff academy\\nsaidoffacademy.uz/\\nBackend <sel>developer\\nhttps://rtholdings.uz/\\nhttps://bumen.uz/</sel>\\nhttps://chere.uz/\\nhttps://saidoffacademy.uz/\\nЯ работал в этой компании младшим разработчиком Python, и мы вместе с командой делали\\nbackend-часть нескольких проектов.\\nEducation\\n<sel>Level\\nSecondary school</sel>\\nProfessional development, courses\\n2024\\nFull Stack Python\\nMohirdev, Python Developer\\nSkills\\nLanguages\\n<sel>Uzbek — Native</sel>\\nSkills\\n Python      Go      Docker      Docker-compose      Linux      PostgreSQL \\n Django Framework      Django Rest Framework      Redis      <sel>Celery      Unit Testing</sel> \\n Git      <sel>gRPC      Microservices      Rust</sel> \\nFurther information\\nAbout me\\nSalom! Man backend <sel>dasturchiman, hozirgacha ikkita</sel> kompaniyada <sel>ishladim va ishlayapman,</sel> bu\\nkompaniyalarda 10 dan ortiq real loyihalarda ishtirok etganman, jomoa bilan yaxshi chiqishib\\nishlay olaman.\\nПривет! Я backend-разработчик, работал и работаю <sel>в двух компаниях,</sel> участвовал более чем\\nв 10 <sel>реальных проектах в</sel> этих компаниях, умею <sel>хорошо работать в</sel> <sel>команде.\\nHello! I</sel> am a backend developer, I have <sel>worked and am</sel> working for two companies so far, I have\\nparticipated in more than 10 real projects <sel>in these companies,</sel> I can <sel>work well with</sel> a team.\\nXoliqberdiyev Behruz  •  Resume updated 2 December 2025 at 17:25\\n", "analyze_text": {"Цифр": 79, "Гласных": 900, "URL найден": "Да", "Стоп-слов": 14, "ТОП-5 слов": "and(12), backend(10), https(10), uz(10), developer(7)", "Email найден": "Да", "Палиндром": "Нет", "Согласных": 1548, "Слов в CAPSLOCK": 23, "Без пробелов": 2787, "Дата найдена": "Нет", "Доля мусора (%)": 0, "Начало = Конец": "Нет", "Строчных букв": 2289, "Заглавных букв": 165, "Символов всего": 3153, "Телефон найден": "Нет", "Доля латиницы (%)": 87.33, "Мин. длина слова": 1, "Уникальных слов": 289, "Доля стоп-слов (%)": 3.18, "Наличие HTML-тегов": "Нет", "Доля кириллицы (%)": 12.67, "Количество строк": 88, "Макс. длина слова": 21, "Знаков препинания": 108, "Мусорные слова (шт)": 0, "Средняя длина слов": 5.76, "Количество абзацев": 1, "Вопросительный знак": "Да", "Восклицательный знак": "Да", "Заспамленность (max/total)": 0.03, "Общее количество слов": 440, "Слов длиной 16+ символов": 2, "Количество предложений": 38, "Полисиллабических слов": 163, "Макс. подряд повторов слова": 2, "Лексическая уникальность (%)": 65.68, "Доля полисиллабических слов (%)": 37.05, "Геометрическая средняя длина слов": 5.28, "Среднее количество слов в предложении": 11.58}}	6
5	2026-04-05 08:39:23.080779+00	2026-04-05 08:39:23.08079+00	{"ok": true, "res": {"ai": 88, "hash": "5311877c7a827680500901e5eecc5fc1", "text": "№ 0 0 0 0 0 0 0 2  /  1 4 2 4 C B 3 C\\nS E R T I F I K A T\\nB E R I L G A N  S A N A\\n05.04.2026\\nA N T I - P L A G I A T . U Z\\nJA M I\\nS O&039; Z L A R\\n440\\nU N I KA L\\nS O&039; Z L A R\\n289\\nL E KS I K\\nU N I KA L L I K\\n65,68%\\nJ U M L A L A R\\nS O N I\\n38\\n✔\\nT A S D I Q L A N D I\\n1424cb3c858d8a949703399ee23f014e\\nU S H B U  S E R T I F I K A T  Q U Y I D A G I  S H A X S G A  T E G I S H L I  \\ntomonidan taqdim etilgan hujjat plagiat tekshiruvidan o&039;tkazildi \\ntest\\nO R I G I N A L L I K\\nP L A G I A T\\nI Q T I B O S\\nFayl: Xoliqberdiyev_Behruz_Bahromovich.pdf\\n43%\\n55%\\n2%\\n", "citation": 1, "plagiarism": 14, "originality": 85}, "error": "", "success": "", "text_res": "№ 0 0 0 0 0 0 0 2  /  1 4 2 4 C B 3 C\\nS E R T I F I K A T\\nB E R I L G A N  S A N A\\n05.04.2026\\nA N T I - P L A G I A T . U Z\\nJA M I\\nS O&039; Z L A R\\n440\\nU N I KA L\\nS O&039; Z L A R\\n289\\nL E KS I K\\nU N I KA L L I K\\n65,68%\\nJ U M L A L A R\\nS O N I\\n38\\n✔\\nT A S D I Q L A N D I\\n1424cb3c858d8a949703399ee23f014e\\nU S H B U  <sel>S E R</sel> T I F I K A T  Q U Y I D A G I  S H A X S G A  T E G I S H L I  \\ntomonidan taqdim etilgan hujjat plagiat <sel>tekshiruvidan o&039;tkazildi \\ntest</sel>\\nO R I G I N A <sel>L L I</sel> K\\nP L A G I A T\\nI Q T I B <sel>O S\\nFayl:</sel> Xoliqberdiyev_Behruz_Bahromovich.pdf\\n43%\\n55%\\n2%\\n", "analyze_text": {"Цифр": 70, "Гласных": 105, "URL найден": "Нет", "Стоп-слов": 0, "ТОП-5 слов": "i(25), a(20), l(15), s(12), t(10)", "Email найден": "Нет", "Палиндром": "Нет", "Согласных": 163, "Слов в CAPSLOCK": 13, "Без пробелов": 389, "Дата найдена": "Да", "Доля мусора (%)": 0, "Начало = Конец": "Нет", "Строчных букв": 103, "Заглавных букв": 165, "Символов всего": 563, "Телефон найден": "Да", "Доля латиницы (%)": 100, "Мин. длина слова": 1, "Уникальных слов": 55, "Доля стоп-слов (%)": 0, "Наличие HTML-тегов": "Нет", "Доля кириллицы (%)": 0, "Количество строк": 31, "Макс. длина слова": 32, "Знаков препинания": 10, "Мусорные слова (шт)": 0, "Средняя длина слов": 1.73, "Количество абзацев": 0, "Вопросительный знак": "Нет", "Восклицательный знак": "Нет", "Заспамленность (max/total)": 0.13, "Общее количество слов": 197, "Слов длиной 16+ символов": 2, "Количество предложений": 5, "Полисиллабических слов": 7, "Макс. подряд повторов слова": 7, "Лексическая уникальность (%)": 27.92, "Доля полисиллабических слов (%)": 3.55, "Геометрическая средняя длина слов": 3.92, "Среднее количество слов в предложении": 39.4}}	7
6	2026-04-05 08:41:24.242433+00	2026-04-05 08:41:24.242443+00	{"ok": true, "res": {"ai": 81, "hash": "24be9a66f7499007c226f921500b6046", "text": "=== Obyomchilar YaTT &quot;Xoliqov Farxod&quot; ===\\nObyomchilar YaTT &quot;Xoliqov Farxod&quot; |  |  |  |  |  |  | \\n№ | Sana | Manba | UZS |  | USD |  | Valyuta kursi\\n |  |  | Kirim | Chiqim | Kirim | Chiqim | \\n |  | Boshlang‘ich balans | 0.00 |  | 0.00 |  | \\n1 | 17.04.2025 | Chiqim-32207  | 3417150 |  |  |  | ", "citation": 2, "plagiarism": 33, "originality": 65}, "error": "", "success": "", "text_res": "=== <sel>Obyomchilar YaTT &quot;Xoliqov</sel> Farxod&quot; ===\\nObyomchilar YaTT &quot;Xoliqov Farxod&quot; |  |  |  |  |  |  | \\n№ | Sana | Manba | UZS |  <sel>| USD |</sel>  | Valyuta kursi\\n |  |  | Kirim | Chiqim | Kirim | Chiqim | \\n |  | Boshlang‘ich balans | 0.00 |  <sel>| 0.00 |</sel>  <sel>| \\n1 |</sel> 17.04.2025 | Chiqim-32207  <sel>| 3417150 |</sel>  |  |  | ", "analyze_text": {"Цифр": 27, "Гласных": 54, "URL найден": "Нет", "Стоп-слов": 0, "ТОП-5 слов": "quot(4), chiqim(3), obyomchilar(2), yatt(2), xoliqov(2)", "Email найден": "Нет", "Палиндром": "Нет", "Согласных": 90, "Слов в CAPSLOCK": 7, "Без пробелов": 232, "Дата найдена": "Да", "Доля мусора (%)": 0, "Начало = Конец": "Нет", "Строчных букв": 117, "Заглавных букв": 27, "Символов всего": 312, "Телефон найден": "Нет", "Доля латиницы (%)": 100, "Мин. длина слова": 1, "Уникальных слов": 24, "Доля стоп-слов (%)": 0, "Наличие HTML-тегов": "Нет", "Доля кириллицы (%)": 0, "Количество строк": 6, "Макс. длина слова": 11, "Знаков препинания": 9, "Мусорные слова (шт)": 0, "Средняя длина слов": 4.75, "Количество абзацев": 0, "Вопросительный знак": "Нет", "Восклицательный знак": "Нет", "Заспамленность (max/total)": 0.11, "Общее количество слов": 36, "Слов длиной 16+ символов": 0, "Количество предложений": 5, "Полисиллабических слов": 5, "Макс. подряд повторов слова": 1, "Лексическая уникальность (%)": 66.67, "Доля полисиллабических слов (%)": 13.89, "Геометрическая средняя длина слов": 4.64, "Среднее количество слов в предложении": 7.2}}	8
7	2026-04-05 08:43:11.614927+00	2026-04-05 08:43:11.614937+00	{"ok": true, "res": {"ai": 81, "hash": "24be9a66f7499007c226f921500b6046", "text": "=== Obyomchilar YaTT &quot;Xoliqov Farxod&quot; ===\\nObyomchilar YaTT &quot;Xoliqov Farxod&quot; |  |  |  |  |  |  | \\n№ | Sana | Manba | UZS |  | USD |  | Valyuta kursi\\n |  |  | Kirim | Chiqim | Kirim | Chiqim | \\n |  | Boshlang‘ich balans | 0.00 |  | 0.00 |  | \\n1 | 17.04.2025 | Chiqim-32207  | 3417150 |  |  |  | ", "citation": 2, "plagiarism": 33, "originality": 65}, "error": "", "success": "", "text_res": "=== Obyomchilar YaTT &quot;Xoliqov Farxod&quot; ===\\nObyomchilar YaTT <sel>&quot;Xoliqov Farxod&quot; |</sel>  |  |  |  |  |  | \\n№ <sel>| Sana |</sel> Manba | UZS |  | USD |  | Valyuta kursi\\n |  <sel>|  | Kirim</sel> | Chiqim | Kirim | Chiqim | \\n |  | Boshlang‘ich balans | 0.00 |  | 0.00 |  | \\n<sel>1 | 17.04.2025</sel> | Chiqim-32207  | 3417150 |  <sel>|  |  |</sel> ", "analyze_text": {"Цифр": 27, "Гласных": 54, "URL найден": "Нет", "Стоп-слов": 0, "ТОП-5 слов": "quot(4), chiqim(3), obyomchilar(2), yatt(2), xoliqov(2)", "Email найден": "Нет", "Палиндром": "Нет", "Согласных": 90, "Слов в CAPSLOCK": 7, "Без пробелов": 232, "Дата найдена": "Да", "Доля мусора (%)": 0, "Начало = Конец": "Нет", "Строчных букв": 117, "Заглавных букв": 27, "Символов всего": 312, "Телефон найден": "Нет", "Доля латиницы (%)": 100, "Мин. длина слова": 1, "Уникальных слов": 24, "Доля стоп-слов (%)": 0, "Наличие HTML-тегов": "Нет", "Доля кириллицы (%)": 0, "Количество строк": 6, "Макс. длина слова": 11, "Знаков препинания": 9, "Мусорные слова (шт)": 0, "Средняя длина слов": 4.75, "Количество абзацев": 0, "Вопросительный знак": "Нет", "Восклицательный знак": "Нет", "Заспамленность (max/total)": 0.11, "Общее количество слов": 36, "Слов длиной 16+ символов": 0, "Количество предложений": 5, "Полисиллабических слов": 5, "Макс. подряд повторов слова": 1, "Лексическая уникальность (%)": 66.67, "Доля полисиллабических слов (%)": 13.89, "Геометрическая средняя длина слов": 4.64, "Среднее количество слов в предложении": 7.2}}	9
8	2026-04-08 10:14:31.12967+00	2026-04-08 10:14:31.129681+00	{"ok": true, "res": {"ai": 96, "hash": "63364f0fba033a86a8289ec06f0d5f4b", "text": "=== Sheet ===\\nID | Turi | Sana | Summa | Valyuta | Valyuta kursi | Kassa | Loyiha | To&039;lov turi | Manba | Xodim", "citation": 2, "plagiarism": 79, "originality": 19}, "error": "", "success": "", "text_res": "=== <sel>Sheet ===\\nID</sel> | Turi | <sel>Sana | Summa</sel> | Valyuta | Valyuta kursi | Kassa | Loyiha | <sel>To&039;lov turi |</sel> <sel>Manba | Xodim</sel>", "analyze_text": {"Цифр": 3, "Гласных": 30, "URL найден": "Нет", "Стоп-слов": 0, "ТОП-5 слов": "turi(2), valyuta(2), sheet(1), id(1), sana(1)", "Email найден": "Нет", "Палиндром": "Нет", "Согласных": 39, "Слов в CAPSLOCK": 1, "Без пробелов": 91, "Дата найдена": "Нет", "Доля мусора (%)": 0, "Начало = Конец": "Нет", "Строчных букв": 56, "Заглавных букв": 13, "Символов всего": 115, "Телефон найден": "Нет", "Доля латиницы (%)": 100, "Мин. длина слова": 2, "Уникальных слов": 14, "Доля стоп-слов (%)": 0, "Наличие HTML-тегов": "Нет", "Доля кириллицы (%)": 0, "Количество строк": 2, "Макс. длина слова": 7, "Знаков препинания": 1, "Мусорные слова (шт)": 0, "Средняя длина слов": 4.5, "Количество абзацев": 0, "Вопросительный знак": "Нет", "Восклицательный знак": "Нет", "Заспамленность (max/total)": 0.13, "Общее количество слов": 16, "Слов длиной 16+ символов": 0, "Количество предложений": 1, "Полисиллабических слов": 3, "Макс. подряд повторов слова": 2, "Лексическая уникальность (%)": 87.5, "Доля полисиллабических слов (%)": 18.75, "Геометрическая средняя длина слов": 4.23, "Среднее количество слов в предложении": 16}}	20
9	2026-04-08 10:14:35.642633+00	2026-04-08 10:14:35.642644+00	{"ok": true, "res": {"ai": 96, "hash": "63364f0fba033a86a8289ec06f0d5f4b", "text": "=== Sheet ===\\nID | Turi | Sana | Summa | Valyuta | Valyuta kursi | Kassa | Loyiha | To&039;lov turi | Manba | Xodim", "citation": 2, "plagiarism": 79, "originality": 19}, "error": "", "success": "", "text_res": "=== <sel>Sheet ===\\nID</sel> | Turi <sel>| Sana |</sel> Summa <sel>| Valyuta |</sel> Valyuta kursi <sel>| Kassa |</sel> Loyiha <sel>| To&039;lov turi</sel> | Manba | Xodim", "analyze_text": {"Цифр": 3, "Гласных": 30, "URL найден": "Нет", "Стоп-слов": 0, "ТОП-5 слов": "turi(2), valyuta(2), sheet(1), id(1), sana(1)", "Email найден": "Нет", "Палиндром": "Нет", "Согласных": 39, "Слов в CAPSLOCK": 1, "Без пробелов": 91, "Дата найдена": "Нет", "Доля мусора (%)": 0, "Начало = Конец": "Нет", "Строчных букв": 56, "Заглавных букв": 13, "Символов всего": 115, "Телефон найден": "Нет", "Доля латиницы (%)": 100, "Мин. длина слова": 2, "Уникальных слов": 14, "Доля стоп-слов (%)": 0, "Наличие HTML-тегов": "Нет", "Доля кириллицы (%)": 0, "Количество строк": 2, "Макс. длина слова": 7, "Знаков препинания": 1, "Мусорные слова (шт)": 0, "Средняя длина слов": 4.5, "Количество абзацев": 0, "Вопросительный знак": "Нет", "Восклицательный знак": "Нет", "Заспамленность (max/total)": 0.13, "Общее количество слов": 16, "Слов длиной 16+ символов": 0, "Количество предложений": 1, "Полисиллабических слов": 3, "Макс. подряд повторов слова": 2, "Лексическая уникальность (%)": 87.5, "Доля полисиллабических слов (%)": 18.75, "Геометрическая средняя длина слов": 4.23, "Среднее количество слов в предложении": 16}}	21
10	2026-04-08 10:14:36.773275+00	2026-04-08 10:14:36.773292+00	{"ok": true, "res": {"ai": 96, "hash": "63364f0fba033a86a8289ec06f0d5f4b", "text": "=== Sheet ===\\nID | Turi | Sana | Summa | Valyuta | Valyuta kursi | Kassa | Loyiha | To&039;lov turi | Manba | Xodim", "citation": 2, "plagiarism": 79, "originality": 19}, "error": "", "success": "", "text_res": "<sel>=== Sheet ===</sel>\\nID | Turi <sel>| Sana |</sel> Summa | Valyuta | Valyuta kursi <sel>| Kassa |</sel> Loyiha <sel>| To&039;lov turi</sel> | Manba | Xodim", "analyze_text": {"Цифр": 3, "Гласных": 30, "URL найден": "Нет", "Стоп-слов": 0, "ТОП-5 слов": "turi(2), valyuta(2), sheet(1), id(1), sana(1)", "Email найден": "Нет", "Палиндром": "Нет", "Согласных": 39, "Слов в CAPSLOCK": 1, "Без пробелов": 91, "Дата найдена": "Нет", "Доля мусора (%)": 0, "Начало = Конец": "Нет", "Строчных букв": 56, "Заглавных букв": 13, "Символов всего": 115, "Телефон найден": "Нет", "Доля латиницы (%)": 100, "Мин. длина слова": 2, "Уникальных слов": 14, "Доля стоп-слов (%)": 0, "Наличие HTML-тегов": "Нет", "Доля кириллицы (%)": 0, "Количество строк": 2, "Макс. длина слова": 7, "Знаков препинания": 1, "Мусорные слова (шт)": 0, "Средняя длина слов": 4.5, "Количество абзацев": 0, "Вопросительный знак": "Нет", "Восклицательный знак": "Нет", "Заспамленность (max/total)": 0.13, "Общее количество слов": 16, "Слов длиной 16+ символов": 0, "Количество предложений": 1, "Полисиллабических слов": 3, "Макс. подряд повторов слова": 2, "Лексическая уникальность (%)": 87.5, "Доля полисиллабических слов (%)": 18.75, "Геометрическая средняя длина слов": 4.23, "Среднее количество слов в предложении": 16}}	22
11	2026-04-08 10:14:37.58796+00	2026-04-08 10:14:37.587977+00	{"ok": true, "res": {"ai": 96, "hash": "63364f0fba033a86a8289ec06f0d5f4b", "text": "=== Sheet ===\\nID | Turi | Sana | Summa | Valyuta | Valyuta kursi | Kassa | Loyiha | To&039;lov turi | Manba | Xodim", "citation": 2, "plagiarism": 79, "originality": 19}, "error": "", "success": "", "text_res": "=== Sheet ===\\nID | <sel>Turi | Sana</sel> | Summa | <sel>Valyuta | Valyuta</sel> kursi <sel>| Kassa |</sel> Loyiha | <sel>To&039;lov turi |</sel> Manba | Xodim", "analyze_text": {"Цифр": 3, "Гласных": 30, "URL найден": "Нет", "Стоп-слов": 0, "ТОП-5 слов": "turi(2), valyuta(2), sheet(1), id(1), sana(1)", "Email найден": "Нет", "Палиндром": "Нет", "Согласных": 39, "Слов в CAPSLOCK": 1, "Без пробелов": 91, "Дата найдена": "Нет", "Доля мусора (%)": 0, "Начало = Конец": "Нет", "Строчных букв": 56, "Заглавных букв": 13, "Символов всего": 115, "Телефон найден": "Нет", "Доля латиницы (%)": 100, "Мин. длина слова": 2, "Уникальных слов": 14, "Доля стоп-слов (%)": 0, "Наличие HTML-тегов": "Нет", "Доля кириллицы (%)": 0, "Количество строк": 2, "Макс. длина слова": 7, "Знаков препинания": 1, "Мусорные слова (шт)": 0, "Средняя длина слов": 4.5, "Количество абзацев": 0, "Вопросительный знак": "Нет", "Восклицательный знак": "Нет", "Заспамленность (max/total)": 0.13, "Общее количество слов": 16, "Слов длиной 16+ символов": 0, "Количество предложений": 1, "Полисиллабических слов": 3, "Макс. подряд повторов слова": 2, "Лексическая уникальность (%)": 87.5, "Доля полисиллабических слов (%)": 18.75, "Геометрическая средняя длина слов": 4.23, "Среднее количество слов в предложении": 16}}	23
12	2026-04-08 10:15:03.999914+00	2026-04-08 10:15:03.999924+00	{"ok": true, "res": {"ai": 96, "hash": "63364f0fba033a86a8289ec06f0d5f4b", "text": "=== Sheet ===\\nID | Turi | Sana | Summa | Valyuta | Valyuta kursi | Kassa | Loyiha | To&039;lov turi | Manba | Xodim", "citation": 2, "plagiarism": 79, "originality": 19}, "error": "", "success": "", "text_res": "=== Sheet ===\\nID | <sel>Turi | Sana</sel> | <sel>Summa | Valyuta</sel> | <sel>Valyuta kursi |</sel> Kassa | <sel>Loyiha | To&039;lov</sel> turi | Manba | Xodim", "analyze_text": {"Цифр": 3, "Гласных": 30, "URL найден": "Нет", "Стоп-слов": 0, "ТОП-5 слов": "turi(2), valyuta(2), sheet(1), id(1), sana(1)", "Email найден": "Нет", "Палиндром": "Нет", "Согласных": 39, "Слов в CAPSLOCK": 1, "Без пробелов": 91, "Дата найдена": "Нет", "Доля мусора (%)": 0, "Начало = Конец": "Нет", "Строчных букв": 56, "Заглавных букв": 13, "Символов всего": 115, "Телефон найден": "Нет", "Доля латиницы (%)": 100, "Мин. длина слова": 2, "Уникальных слов": 14, "Доля стоп-слов (%)": 0, "Наличие HTML-тегов": "Нет", "Доля кириллицы (%)": 0, "Количество строк": 2, "Макс. длина слова": 7, "Знаков препинания": 1, "Мусорные слова (шт)": 0, "Средняя длина слов": 4.5, "Количество абзацев": 0, "Вопросительный знак": "Нет", "Восклицательный знак": "Нет", "Заспамленность (max/total)": 0.13, "Общее количество слов": 16, "Слов длиной 16+ символов": 0, "Количество предложений": 1, "Полисиллабических слов": 3, "Макс. подряд повторов слова": 2, "Лексическая уникальность (%)": 87.5, "Доля полисиллабических слов (%)": 18.75, "Геометрическая средняя длина слов": 4.23, "Среднее количество слов в предложении": 16}}	24
13	2026-04-08 10:26:50.048444+00	2026-04-08 10:26:50.048455+00	{"ok": true, "res": {"ai": 96, "hash": "ad849bdf3e5001a6fbb1fbd5992e25d2", "text": "=== Buyurtmalar ===\\nMahsulot nomi | Mahsulot turi | Birlik | Miqdor | Holat | Kerakli sana | Omborxona | Omborxona manzili | Filial | Loyiha | Xodim | Xodim telefon\\nArmatura 10 mm | PRODUCT | KG | 2 200 | NEW | 2025-12-12 | Prorab Qurilish Yunusobod | 1 | - | project | Behruz | +998 94 709-99-71\\nArmatura 10 mm | PRODUCT | KG | 2 200 | NEW | 2025-12-12 | Prorab Qurilish Yunusobod | 1 | - | project | Behruz | +998 94 709-99-71\\nAvtokran xizmati | SERVICE | 100М2 | 22 | NEW | 2025-12-04 | Prorab Qurilish Yunusobod | 1 | - | project | Behruz | +998 94 709-99-71\\nMusor chiqarish HOWO | SERVICE | 100М2 | 12 | NEW | 2025-12-04 | Prorab Qurilish Yunusobod | 1 | - | project | Behruz | +998 94 709-99-71\\nTelegram post | SERVICE | Dona | 12 | NEW | 2025-12-04 | Prorab Qurilish Yunusobod | 1 | - | project | Behruz | +998 94 709-99-71\\nСугурта | PRODUCT | 100М2 | 45 | NEW | 2025-12-03 | Prorab Qurilish Yunusobod | 1 | - | project | Behruz | +998 94 709-99-71\\nbayroq | PRODUCT | x | 1 000 000 | NEW | 2025-11-10 | Prorab Qurilish Yunusobod | 1 | - | project | Behruz | +998 94 709-99-71\\nArmatura 10 mm | PRODUCT | x | 1 000 000 | NEW | 2025-11-10 | Prorab Qurilish Yunusobod | 1 | - | project | Behruz | +998 94 709-99-71\\ncall centre nomer | PRODUCT | Kilovatt | 2 | NEW | 2025-10-30 | MAVRID ФАРМ | 11111 | - | project | Usmonov Azizbek | +998 99 480-06-48\\nСугурта | PRODUCT | x | 2 | NEW | 2025-10-30 | MAVRID ФАРМ | 11111 | - | project | Usmonov Azizbek | +998 99 480-06-48", "citation": 4, "plagiarism": 13, "originality": 83}, "error": "", "success": "", "text_res": "=== Buyurtmalar ===\\nMahsulot nomi | Mahsulot turi | <sel>Birlik | Miqdor</sel> | Holat | Kerakli sana | Omborxona | Omborxona manzili | Filial | Loyiha | Xodim | Xodim telefon\\nArmatura 10 mm | PRODUCT | KG | 2 200 | NEW | 2025-12-12 | Prorab Qurilish Yunusobod | 1 | - | project | Behruz | +998 94 <sel>709-99-71\\nArmatura 10</sel> mm | PRODUCT | KG | 2 200 | NEW | 2025-12-12 | Prorab Qurilish Yunusobod | 1 | - | project | Behruz | +998 94 709-99-71\\n<sel>Avtokran xizmati |</sel> SERVICE | 100М2 | 22 | NEW | 2025-12-04 | Prorab Qurilish Yunusobod | 1 | - | project | Behruz | +998 94 709-99-71\\nMusor chiqarish HOWO | SERVICE | 100М2 | 12 | NEW | 2025-12-04 | Prorab Qurilish Yunusobod | 1 | - | project | <sel>Behruz | +998</sel> 94 709-99-71\\nTelegram post | SERVICE | Dona | 12 | NEW | 2025-12-04 <sel>| Prorab Qurilish</sel> Yunusobod | 1 | - | project | Behruz | +998 94 709-99-71\\nСугурта | PRODUCT | 100М2 | 45 | NEW | 2025-12-03 | Prorab Qurilish Yunusobod <sel>| 1 |</sel> - | project | Behruz | +998 94 709-99-71\\nbayroq | PRODUCT | x | 1 000 000 | NEW | 2025-11-10 | Prorab Qurilish Yunusobod | 1 | - | project | Behruz | +998 94 709-99-71\\nArmatura 10 mm | PRODUCT | x | 1 000 000 | NEW | 2025-11-10 | Prorab Qurilish Yunusobod | 1 | - | project | Behruz | +998 94 709-99-71\\ncall centre nomer | PRODUCT | Kilovatt | 2 | NEW | 2025-10-30 | MAVRID ФАРМ | 11111 <sel>| - |</sel> project | Usmonov Azizbek | +998 99 480-06-48\\nСугурта <sel>| PRODUCT |</sel> x | 2 | NEW | 2025-10-30 | MAVRID ФАРМ | 11111 | - | project | Usmonov Azizbek | +998 99 480-06-48", "analyze_text": {"Цифр": 268, "Гласных": 255, "URL найден": "Нет", "Стоп-слов": 0, "ТОП-5 слов": "new(10), 2025(10), 12(10), 1(10), project(10)", "Email найден": "Нет", "Палиндром": "Нет", "Согласных": 444, "Слов в CAPSLOCK": 95, "Без пробелов": 1171, "Дата найдена": "Нет", "Доля мусора (%)": 0, "Начало = Конец": "Нет", "Строчных букв": 509, "Заглавных букв": 190, "Символов всего": 1472, "Телефон найден": "Да", "Доля латиницы (%)": 96.42, "Мин. длина слова": 1, "Уникальных слов": 68, "Доля стоп-слов (%)": 0, "Наличие HTML-тегов": "Нет", "Доля кириллицы (%)": 3.58, "Количество строк": 12, "Макс. длина слова": 11, "Знаков препинания": 50, "Мусорные слова (шт)": 0, "Средняя длина слов": 4.28, "Количество абзацев": 0, "Вопросительный знак": "Нет", "Восклицательный знак": "Нет", "Заспамленность (max/total)": 0.04, "Общее количество слов": 226, "Слов длиной 16+ символов": 0, "Количество предложений": 1, "Полисиллабических слов": 44, "Макс. подряд повторов слова": 2, "Лексическая уникальность (%)": 30.09, "Доля полисиллабических слов (%)": 19.47, "Геометрическая средняя длина слов": 3.93, "Среднее количество слов в предложении": 226}}	25
\.


--
-- Data for Name: shared_documenttype; Type: TABLE DATA; Schema: public; Owner: test
--

COPY public.shared_documenttype (id, created_at, updated_at, name) FROM stdin;
1	2026-04-06 09:51:50.83317+00	2026-04-06 09:51:50.833189+00	Mashqlar to‘plami
2	2026-04-06 09:51:50.835831+00	2026-04-06 09:51:50.835844+00	Asarlar to‘plami
3	2026-04-06 09:51:50.837788+00	2026-04-06 09:51:50.837802+00	Ta’lim vizual nashri
4	2026-04-06 09:51:50.839461+00	2026-04-06 09:51:50.839473+00	Bitiruv ishi
5	2026-04-06 09:51:50.840957+00	2026-04-06 09:51:50.840969+00	Diplom loyihasi
6	2026-04-06 09:51:50.842857+00	2026-04-06 09:51:50.842871+00	Maqola
7	2026-04-06 09:51:50.844286+00	2026-04-06 09:51:50.844298+00	Falsafa doktorligi dissertatsiyasi
8	2026-04-06 09:51:50.845895+00	2026-04-06 09:51:50.845906+00	Qo‘llanma
9	2026-04-06 09:51:50.847171+00	2026-04-06 09:51:50.847183+00	Darslik
10	2026-04-06 09:51:50.848498+00	2026-04-06 09:51:50.84851+00	Kitob
11	2026-04-06 09:51:50.850546+00	2026-04-06 09:51:50.850561+00	Nomzodlik dissertatsiyasi
12	2026-04-06 09:51:50.852068+00	2026-04-06 09:51:50.85208+00	Doktorlik dissertatsiyasi
13	2026-04-06 09:51:50.853427+00	2026-04-06 09:51:50.853439+00	Yakuniy saralash ishi
14	2026-04-06 09:51:50.854811+00	2026-04-06 09:51:50.854823+00	Ko‘rsatmalar
15	2026-04-06 09:51:50.856166+00	2026-04-06 09:51:50.856178+00	Doktorlik dissertatsiyasi referati (fan nomzodi)
16	2026-04-06 09:51:50.858511+00	2026-04-06 09:51:50.858526+00	O‘quv qo‘llanma
17	2026-04-06 09:51:50.860151+00	2026-04-06 09:51:50.860164+00	Referat
18	2026-04-06 09:51:50.861744+00	2026-04-06 09:51:50.861755+00	Kurs ishi
19	2026-04-06 09:51:50.862959+00	2026-04-06 09:51:50.862969+00	Doktorlik dissertatsiyasi referati
20	2026-04-06 09:51:50.864131+00	2026-04-06 09:51:50.864142+00	Monografiya
21	2026-04-06 09:51:50.865488+00	2026-04-06 09:51:50.865501+00	Boshqa
22	2026-04-06 09:51:50.867612+00	2026-04-06 09:51:50.867626+00	Ilmiy malaka ishi
23	2026-04-06 09:51:50.868954+00	2026-04-06 09:51:50.868964+00	Magistrlik dissertatsiyasi
24	2026-04-06 09:51:50.870315+00	2026-04-06 09:51:50.870325+00	Amaliyot hisoboti
25	2026-04-06 09:51:50.871561+00	2026-04-06 09:51:50.871572+00	Laboratoriya amaliyoti
26	2026-04-06 09:51:50.872758+00	2026-04-06 09:51:50.872768+00	Tadqiqot hisoboti
27	2026-04-06 09:51:50.874967+00	2026-04-06 09:51:50.875002+00	Amaliy ish
28	2026-04-06 09:51:50.876437+00	2026-04-06 09:51:50.876448+00	Uslubiy ko‘rsatmalar
29	2026-04-06 09:51:50.877681+00	2026-04-06 09:51:50.877692+00	Ilmiy loyiha
30	2026-04-06 09:51:50.878962+00	2026-04-06 09:51:50.878972+00	Metodik qo‘llanma
31	2026-04-06 09:51:50.880229+00	2026-04-06 09:51:50.880239+00	Metodik tavsiya
\.


--
-- Data for Name: shared_order; Type: TABLE DATA; Schema: public; Owner: test
--

COPY public.shared_order (id, created_at, updated_at, total_price, document_id, user_id, type, ai_document_id) FROM stdin;
25	2026-04-08 10:11:45.211401+00	2026-04-08 10:11:45.211414+00	20600.00	6	1	certificate	\N
29	2026-04-08 10:13:52.609612+00	2026-04-08 10:13:52.609627+00	20600.00	5	1	certificate	\N
31	2026-04-08 10:14:35.641495+00	2026-04-08 10:14:35.641507+00	41200.00	21	1	document	\N
32	2026-04-08 10:14:36.771629+00	2026-04-08 10:14:36.771655+00	41200.00	22	1	document	\N
33	2026-04-08 10:14:37.586568+00	2026-04-08 10:14:37.586587+00	41200.00	23	1	document	\N
34	2026-04-08 10:15:03.998737+00	2026-04-08 10:15:03.998752+00	20600.00	24	1	document	\N
38	2026-04-08 10:19:28.880876+00	2026-04-08 10:19:28.880889+00	20600.00	24	1	certificate	\N
39	2026-04-08 10:19:30.649965+00	2026-04-08 10:19:30.649975+00	20600.00	24	1	certificate	\N
40	2026-04-08 10:19:31.692568+00	2026-04-08 10:19:31.692579+00	20600.00	24	1	certificate	\N
41	2026-04-08 10:19:32.461736+00	2026-04-08 10:19:32.461748+00	20600.00	24	1	certificate	\N
42	2026-04-08 10:19:33.220005+00	2026-04-08 10:19:33.220016+00	20600.00	24	1	certificate	\N
43	2026-04-08 10:19:33.889076+00	2026-04-08 10:19:33.889087+00	20600.00	24	1	certificate	\N
44	2026-04-08 10:19:35.407654+00	2026-04-08 10:19:35.407665+00	20600.00	24	1	certificate	\N
45	2026-04-08 10:19:36.410869+00	2026-04-08 10:19:36.41088+00	20600.00	24	1	certificate	\N
30	2026-04-08 10:14:31.128517+00	2026-04-08 10:25:48.762028+00	41200.00	5	1	document	\N
46	2026-04-08 10:26:50.04711+00	2026-04-08 10:26:50.047123+00	20600.00	25	1	document	\N
47	2026-04-08 10:28:14.573624+00	2026-04-08 10:28:14.573638+00	20600.00	5	1	certificate	\N
48	2026-04-08 10:37:12.310833+00	2026-04-08 10:37:12.310846+00	20600.00	5	1	certificate	\N
\.


--
-- Data for Name: users_user; Type: TABLE DATA; Schema: public; Owner: test
--

COPY public.users_user (id, password, last_login, is_superuser, first_name, last_name, email, is_staff, is_active, date_joined, phone, tg_id) FROM stdin;
2	20090912	\N	f	Behruz	Xoliqberdiyev		f	t	2026-04-07 11:47:48.223973+00	998947099972	1234567
1	pbkdf2_sha256$1000000$2LUeQFb94u3OgZViofuYnx$+Y+rst6/pXG+N67YDLovYmCP1/4MNddlDnigyuQnMnM=	2026-04-05 07:46:07.888812+00	t	Behruz	Xoliqberdiyev		t	t	2026-04-05 07:46:00.330832+00	998947099971	123455
\.


--
-- Data for Name: users_user_groups; Type: TABLE DATA; Schema: public; Owner: test
--

COPY public.users_user_groups (id, user_id, group_id) FROM stdin;
\.


--
-- Data for Name: users_user_user_permissions; Type: TABLE DATA; Schema: public; Owner: test
--

COPY public.users_user_user_permissions (id, user_id, permission_id) FROM stdin;
\.


--
-- Name: auth_group_id_seq; Type: SEQUENCE SET; Schema: public; Owner: test
--

SELECT pg_catalog.setval('public.auth_group_id_seq', 1, false);


--
-- Name: auth_group_permissions_id_seq; Type: SEQUENCE SET; Schema: public; Owner: test
--

SELECT pg_catalog.setval('public.auth_group_permissions_id_seq', 1, false);


--
-- Name: auth_permission_id_seq; Type: SEQUENCE SET; Schema: public; Owner: test
--

SELECT pg_catalog.setval('public.auth_permission_id_seq', 76, true);


--
-- Name: django_admin_log_id_seq; Type: SEQUENCE SET; Schema: public; Owner: test
--

SELECT pg_catalog.setval('public.django_admin_log_id_seq', 11, true);


--
-- Name: django_content_type_id_seq; Type: SEQUENCE SET; Schema: public; Owner: test
--

SELECT pg_catalog.setval('public.django_content_type_id_seq', 19, true);


--
-- Name: django_migrations_id_seq; Type: SEQUENCE SET; Schema: public; Owner: test
--

SELECT pg_catalog.setval('public.django_migrations_id_seq', 42, true);


--
-- Name: modern_drf_swagger_endpointpermission_id_seq; Type: SEQUENCE SET; Schema: public; Owner: test
--

SELECT pg_catalog.setval('public.modern_drf_swagger_endpointpermission_id_seq', 1, false);


--
-- Name: modern_drf_swagger_requestlog_id_seq; Type: SEQUENCE SET; Schema: public; Owner: test
--

SELECT pg_catalog.setval('public.modern_drf_swagger_requestlog_id_seq', 313, true);


--
-- Name: modern_drf_swagger_team_id_seq; Type: SEQUENCE SET; Schema: public; Owner: test
--

SELECT pg_catalog.setval('public.modern_drf_swagger_team_id_seq', 1, false);


--
-- Name: modern_drf_swagger_teammember_id_seq; Type: SEQUENCE SET; Schema: public; Owner: test
--

SELECT pg_catalog.setval('public.modern_drf_swagger_teammember_id_seq', 1, false);


--
-- Name: modern_drf_swagger_usagemetric_id_seq; Type: SEQUENCE SET; Schema: public; Owner: test
--

SELECT pg_catalog.setval('public.modern_drf_swagger_usagemetric_id_seq', 60, true);


--
-- Name: payme_transactions_id_seq; Type: SEQUENCE SET; Schema: public; Owner: test
--

SELECT pg_catalog.setval('public.payme_transactions_id_seq', 1, false);


--
-- Name: shared_aidocument_id_seq; Type: SEQUENCE SET; Schema: public; Owner: test
--

SELECT pg_catalog.setval('public.shared_aidocument_id_seq', 10, true);


--
-- Name: shared_aidocumentresult_id_seq; Type: SEQUENCE SET; Schema: public; Owner: test
--

SELECT pg_catalog.setval('public.shared_aidocumentresult_id_seq', 6, true);


--
-- Name: shared_document_id_seq; Type: SEQUENCE SET; Schema: public; Owner: test
--

SELECT pg_catalog.setval('public.shared_document_id_seq', 25, true);


--
-- Name: shared_documentresult_id_seq; Type: SEQUENCE SET; Schema: public; Owner: test
--

SELECT pg_catalog.setval('public.shared_documentresult_id_seq', 13, true);


--
-- Name: shared_documenttype_id_seq; Type: SEQUENCE SET; Schema: public; Owner: test
--

SELECT pg_catalog.setval('public.shared_documenttype_id_seq', 31, true);


--
-- Name: shared_order_id_seq; Type: SEQUENCE SET; Schema: public; Owner: test
--

SELECT pg_catalog.setval('public.shared_order_id_seq', 48, true);


--
-- Name: users_user_groups_id_seq; Type: SEQUENCE SET; Schema: public; Owner: test
--

SELECT pg_catalog.setval('public.users_user_groups_id_seq', 1, false);


--
-- Name: users_user_id_seq; Type: SEQUENCE SET; Schema: public; Owner: test
--

SELECT pg_catalog.setval('public.users_user_id_seq', 2, true);


--
-- Name: users_user_user_permissions_id_seq; Type: SEQUENCE SET; Schema: public; Owner: test
--

SELECT pg_catalog.setval('public.users_user_user_permissions_id_seq', 1, false);


--
-- Name: auth_group auth_group_name_key; Type: CONSTRAINT; Schema: public; Owner: test
--

ALTER TABLE ONLY public.auth_group
    ADD CONSTRAINT auth_group_name_key UNIQUE (name);


--
-- Name: auth_group_permissions auth_group_permissions_group_id_permission_id_0cd325b0_uniq; Type: CONSTRAINT; Schema: public; Owner: test
--

ALTER TABLE ONLY public.auth_group_permissions
    ADD CONSTRAINT auth_group_permissions_group_id_permission_id_0cd325b0_uniq UNIQUE (group_id, permission_id);


--
-- Name: auth_group_permissions auth_group_permissions_pkey; Type: CONSTRAINT; Schema: public; Owner: test
--

ALTER TABLE ONLY public.auth_group_permissions
    ADD CONSTRAINT auth_group_permissions_pkey PRIMARY KEY (id);


--
-- Name: auth_group auth_group_pkey; Type: CONSTRAINT; Schema: public; Owner: test
--

ALTER TABLE ONLY public.auth_group
    ADD CONSTRAINT auth_group_pkey PRIMARY KEY (id);


--
-- Name: auth_permission auth_permission_content_type_id_codename_01ab375a_uniq; Type: CONSTRAINT; Schema: public; Owner: test
--

ALTER TABLE ONLY public.auth_permission
    ADD CONSTRAINT auth_permission_content_type_id_codename_01ab375a_uniq UNIQUE (content_type_id, codename);


--
-- Name: auth_permission auth_permission_pkey; Type: CONSTRAINT; Schema: public; Owner: test
--

ALTER TABLE ONLY public.auth_permission
    ADD CONSTRAINT auth_permission_pkey PRIMARY KEY (id);


--
-- Name: django_admin_log django_admin_log_pkey; Type: CONSTRAINT; Schema: public; Owner: test
--

ALTER TABLE ONLY public.django_admin_log
    ADD CONSTRAINT django_admin_log_pkey PRIMARY KEY (id);


--
-- Name: django_content_type django_content_type_app_label_model_76bd3d3b_uniq; Type: CONSTRAINT; Schema: public; Owner: test
--

ALTER TABLE ONLY public.django_content_type
    ADD CONSTRAINT django_content_type_app_label_model_76bd3d3b_uniq UNIQUE (app_label, model);


--
-- Name: django_content_type django_content_type_pkey; Type: CONSTRAINT; Schema: public; Owner: test
--

ALTER TABLE ONLY public.django_content_type
    ADD CONSTRAINT django_content_type_pkey PRIMARY KEY (id);


--
-- Name: django_migrations django_migrations_pkey; Type: CONSTRAINT; Schema: public; Owner: test
--

ALTER TABLE ONLY public.django_migrations
    ADD CONSTRAINT django_migrations_pkey PRIMARY KEY (id);


--
-- Name: django_session django_session_pkey; Type: CONSTRAINT; Schema: public; Owner: test
--

ALTER TABLE ONLY public.django_session
    ADD CONSTRAINT django_session_pkey PRIMARY KEY (session_key);


--
-- Name: modern_drf_swagger_endpointpermission modern_drf_swagger_endpointpermission_pkey; Type: CONSTRAINT; Schema: public; Owner: test
--

ALTER TABLE ONLY public.modern_drf_swagger_endpointpermission
    ADD CONSTRAINT modern_drf_swagger_endpointpermission_pkey PRIMARY KEY (id);


--
-- Name: modern_drf_swagger_requestlog modern_drf_swagger_requestlog_pkey; Type: CONSTRAINT; Schema: public; Owner: test
--

ALTER TABLE ONLY public.modern_drf_swagger_requestlog
    ADD CONSTRAINT modern_drf_swagger_requestlog_pkey PRIMARY KEY (id);


--
-- Name: modern_drf_swagger_team modern_drf_swagger_team_name_key; Type: CONSTRAINT; Schema: public; Owner: test
--

ALTER TABLE ONLY public.modern_drf_swagger_team
    ADD CONSTRAINT modern_drf_swagger_team_name_key UNIQUE (name);


--
-- Name: modern_drf_swagger_team modern_drf_swagger_team_pkey; Type: CONSTRAINT; Schema: public; Owner: test
--

ALTER TABLE ONLY public.modern_drf_swagger_team
    ADD CONSTRAINT modern_drf_swagger_team_pkey PRIMARY KEY (id);


--
-- Name: modern_drf_swagger_teammember modern_drf_swagger_teammember_pkey; Type: CONSTRAINT; Schema: public; Owner: test
--

ALTER TABLE ONLY public.modern_drf_swagger_teammember
    ADD CONSTRAINT modern_drf_swagger_teammember_pkey PRIMARY KEY (id);


--
-- Name: modern_drf_swagger_teammember modern_drf_swagger_teammember_team_id_user_id_ea8f62fd_uniq; Type: CONSTRAINT; Schema: public; Owner: test
--

ALTER TABLE ONLY public.modern_drf_swagger_teammember
    ADD CONSTRAINT modern_drf_swagger_teammember_team_id_user_id_ea8f62fd_uniq UNIQUE (team_id, user_id);


--
-- Name: modern_drf_swagger_usagemetric modern_drf_swagger_usagemetric_endpoint_date_cbef955f_uniq; Type: CONSTRAINT; Schema: public; Owner: test
--

ALTER TABLE ONLY public.modern_drf_swagger_usagemetric
    ADD CONSTRAINT modern_drf_swagger_usagemetric_endpoint_date_cbef955f_uniq UNIQUE (endpoint, date);


--
-- Name: modern_drf_swagger_usagemetric modern_drf_swagger_usagemetric_pkey; Type: CONSTRAINT; Schema: public; Owner: test
--

ALTER TABLE ONLY public.modern_drf_swagger_usagemetric
    ADD CONSTRAINT modern_drf_swagger_usagemetric_pkey PRIMARY KEY (id);


--
-- Name: payme_transactions payme_transactions_pkey; Type: CONSTRAINT; Schema: public; Owner: test
--

ALTER TABLE ONLY public.payme_transactions
    ADD CONSTRAINT payme_transactions_pkey PRIMARY KEY (id);


--
-- Name: shared_aidocument shared_aidocument_pkey; Type: CONSTRAINT; Schema: public; Owner: test
--

ALTER TABLE ONLY public.shared_aidocument
    ADD CONSTRAINT shared_aidocument_pkey PRIMARY KEY (id);


--
-- Name: shared_aidocumentresult shared_aidocumentresult_document_id_key; Type: CONSTRAINT; Schema: public; Owner: test
--

ALTER TABLE ONLY public.shared_aidocumentresult
    ADD CONSTRAINT shared_aidocumentresult_document_id_key UNIQUE (document_id);


--
-- Name: shared_aidocumentresult shared_aidocumentresult_pkey; Type: CONSTRAINT; Schema: public; Owner: test
--

ALTER TABLE ONLY public.shared_aidocumentresult
    ADD CONSTRAINT shared_aidocumentresult_pkey PRIMARY KEY (id);


--
-- Name: shared_document shared_document_pkey; Type: CONSTRAINT; Schema: public; Owner: test
--

ALTER TABLE ONLY public.shared_document
    ADD CONSTRAINT shared_document_pkey PRIMARY KEY (id);


--
-- Name: shared_documentresult shared_documentresult_pkey; Type: CONSTRAINT; Schema: public; Owner: test
--

ALTER TABLE ONLY public.shared_documentresult
    ADD CONSTRAINT shared_documentresult_pkey PRIMARY KEY (id);


--
-- Name: shared_documenttype shared_documenttype_name_key; Type: CONSTRAINT; Schema: public; Owner: test
--

ALTER TABLE ONLY public.shared_documenttype
    ADD CONSTRAINT shared_documenttype_name_key UNIQUE (name);


--
-- Name: shared_documenttype shared_documenttype_pkey; Type: CONSTRAINT; Schema: public; Owner: test
--

ALTER TABLE ONLY public.shared_documenttype
    ADD CONSTRAINT shared_documenttype_pkey PRIMARY KEY (id);


--
-- Name: shared_order shared_order_pkey; Type: CONSTRAINT; Schema: public; Owner: test
--

ALTER TABLE ONLY public.shared_order
    ADD CONSTRAINT shared_order_pkey PRIMARY KEY (id);


--
-- Name: users_user_groups users_user_groups_pkey; Type: CONSTRAINT; Schema: public; Owner: test
--

ALTER TABLE ONLY public.users_user_groups
    ADD CONSTRAINT users_user_groups_pkey PRIMARY KEY (id);


--
-- Name: users_user_groups users_user_groups_user_id_group_id_b88eab82_uniq; Type: CONSTRAINT; Schema: public; Owner: test
--

ALTER TABLE ONLY public.users_user_groups
    ADD CONSTRAINT users_user_groups_user_id_group_id_b88eab82_uniq UNIQUE (user_id, group_id);


--
-- Name: users_user users_user_phone_key; Type: CONSTRAINT; Schema: public; Owner: test
--

ALTER TABLE ONLY public.users_user
    ADD CONSTRAINT users_user_phone_key UNIQUE (phone);


--
-- Name: users_user users_user_pkey; Type: CONSTRAINT; Schema: public; Owner: test
--

ALTER TABLE ONLY public.users_user
    ADD CONSTRAINT users_user_pkey PRIMARY KEY (id);


--
-- Name: users_user_user_permissions users_user_user_permissions_pkey; Type: CONSTRAINT; Schema: public; Owner: test
--

ALTER TABLE ONLY public.users_user_user_permissions
    ADD CONSTRAINT users_user_user_permissions_pkey PRIMARY KEY (id);


--
-- Name: users_user_user_permissions users_user_user_permissions_user_id_permission_id_43338c45_uniq; Type: CONSTRAINT; Schema: public; Owner: test
--

ALTER TABLE ONLY public.users_user_user_permissions
    ADD CONSTRAINT users_user_user_permissions_user_id_permission_id_43338c45_uniq UNIQUE (user_id, permission_id);


--
-- Name: auth_group_name_a6ea08ec_like; Type: INDEX; Schema: public; Owner: test
--

CREATE INDEX auth_group_name_a6ea08ec_like ON public.auth_group USING btree (name varchar_pattern_ops);


--
-- Name: auth_group_permissions_group_id_b120cbf9; Type: INDEX; Schema: public; Owner: test
--

CREATE INDEX auth_group_permissions_group_id_b120cbf9 ON public.auth_group_permissions USING btree (group_id);


--
-- Name: auth_group_permissions_permission_id_84c5c92e; Type: INDEX; Schema: public; Owner: test
--

CREATE INDEX auth_group_permissions_permission_id_84c5c92e ON public.auth_group_permissions USING btree (permission_id);


--
-- Name: auth_permission_content_type_id_2f476e4b; Type: INDEX; Schema: public; Owner: test
--

CREATE INDEX auth_permission_content_type_id_2f476e4b ON public.auth_permission USING btree (content_type_id);


--
-- Name: django_admin_log_content_type_id_c4bce8eb; Type: INDEX; Schema: public; Owner: test
--

CREATE INDEX django_admin_log_content_type_id_c4bce8eb ON public.django_admin_log USING btree (content_type_id);


--
-- Name: django_admin_log_user_id_c564eba6; Type: INDEX; Schema: public; Owner: test
--

CREATE INDEX django_admin_log_user_id_c564eba6 ON public.django_admin_log USING btree (user_id);


--
-- Name: django_session_expire_date_a5c62663; Type: INDEX; Schema: public; Owner: test
--

CREATE INDEX django_session_expire_date_a5c62663 ON public.django_session USING btree (expire_date);


--
-- Name: django_session_session_key_c0390e0f_like; Type: INDEX; Schema: public; Owner: test
--

CREATE INDEX django_session_session_key_c0390e0f_like ON public.django_session USING btree (session_key varchar_pattern_ops);


--
-- Name: modern_drf__date_7d623d_idx; Type: INDEX; Schema: public; Owner: test
--

CREATE INDEX modern_drf__date_7d623d_idx ON public.modern_drf_swagger_usagemetric USING btree (date);


--
-- Name: modern_drf__endpoin_18ab6b_idx; Type: INDEX; Schema: public; Owner: test
--

CREATE INDEX modern_drf__endpoin_18ab6b_idx ON public.modern_drf_swagger_requestlog USING btree (endpoint);


--
-- Name: modern_drf__timesta_185720_idx; Type: INDEX; Schema: public; Owner: test
--

CREATE INDEX modern_drf__timesta_185720_idx ON public.modern_drf_swagger_requestlog USING btree ("timestamp");


--
-- Name: modern_drf__user_id_a38b54_idx; Type: INDEX; Schema: public; Owner: test
--

CREATE INDEX modern_drf__user_id_a38b54_idx ON public.modern_drf_swagger_requestlog USING btree (user_id);


--
-- Name: modern_drf_swagger_endpointpermission_team_id_1344e528; Type: INDEX; Schema: public; Owner: test
--

CREATE INDEX modern_drf_swagger_endpointpermission_team_id_1344e528 ON public.modern_drf_swagger_endpointpermission USING btree (team_id);


--
-- Name: modern_drf_swagger_requestlog_user_id_a13c8140; Type: INDEX; Schema: public; Owner: test
--

CREATE INDEX modern_drf_swagger_requestlog_user_id_a13c8140 ON public.modern_drf_swagger_requestlog USING btree (user_id);


--
-- Name: modern_drf_swagger_team_name_29ad4253_like; Type: INDEX; Schema: public; Owner: test
--

CREATE INDEX modern_drf_swagger_team_name_29ad4253_like ON public.modern_drf_swagger_team USING btree (name varchar_pattern_ops);


--
-- Name: modern_drf_swagger_teammember_team_id_f8de5719; Type: INDEX; Schema: public; Owner: test
--

CREATE INDEX modern_drf_swagger_teammember_team_id_f8de5719 ON public.modern_drf_swagger_teammember USING btree (team_id);


--
-- Name: modern_drf_swagger_teammember_user_id_ead2983a; Type: INDEX; Schema: public; Owner: test
--

CREATE INDEX modern_drf_swagger_teammember_user_id_ead2983a ON public.modern_drf_swagger_teammember USING btree (user_id);


--
-- Name: payme_transactions_cancelled_at_a812bc26; Type: INDEX; Schema: public; Owner: test
--

CREATE INDEX payme_transactions_cancelled_at_a812bc26 ON public.payme_transactions USING btree (cancelled_at);


--
-- Name: payme_transactions_created_at_e424911b; Type: INDEX; Schema: public; Owner: test
--

CREATE INDEX payme_transactions_created_at_e424911b ON public.payme_transactions USING btree (created_at);


--
-- Name: payme_transactions_performed_at_30a82c17; Type: INDEX; Schema: public; Owner: test
--

CREATE INDEX payme_transactions_performed_at_30a82c17 ON public.payme_transactions USING btree (performed_at);


--
-- Name: payme_transactions_updated_at_4805abeb; Type: INDEX; Schema: public; Owner: test
--

CREATE INDEX payme_transactions_updated_at_4805abeb ON public.payme_transactions USING btree (updated_at);


--
-- Name: shared_aidocument_user_id_505352b2; Type: INDEX; Schema: public; Owner: test
--

CREATE INDEX shared_aidocument_user_id_505352b2 ON public.shared_aidocument USING btree (user_id);


--
-- Name: shared_document_type_id_51aa3812; Type: INDEX; Schema: public; Owner: test
--

CREATE INDEX shared_document_type_id_51aa3812 ON public.shared_document USING btree (type_id);


--
-- Name: shared_document_user_id_57ac62a6; Type: INDEX; Schema: public; Owner: test
--

CREATE INDEX shared_document_user_id_57ac62a6 ON public.shared_document USING btree (user_id);


--
-- Name: shared_documentresult_document_id_350354ee; Type: INDEX; Schema: public; Owner: test
--

CREATE INDEX shared_documentresult_document_id_350354ee ON public.shared_documentresult USING btree (document_id);


--
-- Name: shared_documenttype_name_b52d52c7_like; Type: INDEX; Schema: public; Owner: test
--

CREATE INDEX shared_documenttype_name_b52d52c7_like ON public.shared_documenttype USING btree (name varchar_pattern_ops);


--
-- Name: shared_order_ai_document_id_273e476b; Type: INDEX; Schema: public; Owner: test
--

CREATE INDEX shared_order_ai_document_id_273e476b ON public.shared_order USING btree (ai_document_id);


--
-- Name: shared_order_document_id_553c8e7c; Type: INDEX; Schema: public; Owner: test
--

CREATE INDEX shared_order_document_id_553c8e7c ON public.shared_order USING btree (document_id);


--
-- Name: shared_order_user_id_7185989d; Type: INDEX; Schema: public; Owner: test
--

CREATE INDEX shared_order_user_id_7185989d ON public.shared_order USING btree (user_id);


--
-- Name: users_user_groups_group_id_9afc8d0e; Type: INDEX; Schema: public; Owner: test
--

CREATE INDEX users_user_groups_group_id_9afc8d0e ON public.users_user_groups USING btree (group_id);


--
-- Name: users_user_groups_user_id_5f6f5a90; Type: INDEX; Schema: public; Owner: test
--

CREATE INDEX users_user_groups_user_id_5f6f5a90 ON public.users_user_groups USING btree (user_id);


--
-- Name: users_user_phone_fe37f55c_like; Type: INDEX; Schema: public; Owner: test
--

CREATE INDEX users_user_phone_fe37f55c_like ON public.users_user USING btree (phone varchar_pattern_ops);


--
-- Name: users_user_user_permissions_permission_id_0b93982e; Type: INDEX; Schema: public; Owner: test
--

CREATE INDEX users_user_user_permissions_permission_id_0b93982e ON public.users_user_user_permissions USING btree (permission_id);


--
-- Name: users_user_user_permissions_user_id_20aca447; Type: INDEX; Schema: public; Owner: test
--

CREATE INDEX users_user_user_permissions_user_id_20aca447 ON public.users_user_user_permissions USING btree (user_id);


--
-- Name: auth_group_permissions auth_group_permissio_permission_id_84c5c92e_fk_auth_perm; Type: FK CONSTRAINT; Schema: public; Owner: test
--

ALTER TABLE ONLY public.auth_group_permissions
    ADD CONSTRAINT auth_group_permissio_permission_id_84c5c92e_fk_auth_perm FOREIGN KEY (permission_id) REFERENCES public.auth_permission(id) DEFERRABLE INITIALLY DEFERRED;


--
-- Name: auth_group_permissions auth_group_permissions_group_id_b120cbf9_fk_auth_group_id; Type: FK CONSTRAINT; Schema: public; Owner: test
--

ALTER TABLE ONLY public.auth_group_permissions
    ADD CONSTRAINT auth_group_permissions_group_id_b120cbf9_fk_auth_group_id FOREIGN KEY (group_id) REFERENCES public.auth_group(id) DEFERRABLE INITIALLY DEFERRED;


--
-- Name: auth_permission auth_permission_content_type_id_2f476e4b_fk_django_co; Type: FK CONSTRAINT; Schema: public; Owner: test
--

ALTER TABLE ONLY public.auth_permission
    ADD CONSTRAINT auth_permission_content_type_id_2f476e4b_fk_django_co FOREIGN KEY (content_type_id) REFERENCES public.django_content_type(id) DEFERRABLE INITIALLY DEFERRED;


--
-- Name: django_admin_log django_admin_log_content_type_id_c4bce8eb_fk_django_co; Type: FK CONSTRAINT; Schema: public; Owner: test
--

ALTER TABLE ONLY public.django_admin_log
    ADD CONSTRAINT django_admin_log_content_type_id_c4bce8eb_fk_django_co FOREIGN KEY (content_type_id) REFERENCES public.django_content_type(id) DEFERRABLE INITIALLY DEFERRED;


--
-- Name: django_admin_log django_admin_log_user_id_c564eba6_fk_users_user_id; Type: FK CONSTRAINT; Schema: public; Owner: test
--

ALTER TABLE ONLY public.django_admin_log
    ADD CONSTRAINT django_admin_log_user_id_c564eba6_fk_users_user_id FOREIGN KEY (user_id) REFERENCES public.users_user(id) DEFERRABLE INITIALLY DEFERRED;


--
-- Name: modern_drf_swagger_endpointpermission modern_drf_swagger_e_team_id_1344e528_fk_modern_dr; Type: FK CONSTRAINT; Schema: public; Owner: test
--

ALTER TABLE ONLY public.modern_drf_swagger_endpointpermission
    ADD CONSTRAINT modern_drf_swagger_e_team_id_1344e528_fk_modern_dr FOREIGN KEY (team_id) REFERENCES public.modern_drf_swagger_team(id) DEFERRABLE INITIALLY DEFERRED;


--
-- Name: modern_drf_swagger_requestlog modern_drf_swagger_requestlog_user_id_a13c8140_fk_users_user_id; Type: FK CONSTRAINT; Schema: public; Owner: test
--

ALTER TABLE ONLY public.modern_drf_swagger_requestlog
    ADD CONSTRAINT modern_drf_swagger_requestlog_user_id_a13c8140_fk_users_user_id FOREIGN KEY (user_id) REFERENCES public.users_user(id) DEFERRABLE INITIALLY DEFERRED;


--
-- Name: modern_drf_swagger_teammember modern_drf_swagger_t_team_id_f8de5719_fk_modern_dr; Type: FK CONSTRAINT; Schema: public; Owner: test
--

ALTER TABLE ONLY public.modern_drf_swagger_teammember
    ADD CONSTRAINT modern_drf_swagger_t_team_id_f8de5719_fk_modern_dr FOREIGN KEY (team_id) REFERENCES public.modern_drf_swagger_team(id) DEFERRABLE INITIALLY DEFERRED;


--
-- Name: modern_drf_swagger_teammember modern_drf_swagger_teammember_user_id_ead2983a_fk_users_user_id; Type: FK CONSTRAINT; Schema: public; Owner: test
--

ALTER TABLE ONLY public.modern_drf_swagger_teammember
    ADD CONSTRAINT modern_drf_swagger_teammember_user_id_ead2983a_fk_users_user_id FOREIGN KEY (user_id) REFERENCES public.users_user(id) DEFERRABLE INITIALLY DEFERRED;


--
-- Name: shared_aidocument shared_aidocument_user_id_505352b2_fk_users_user_id; Type: FK CONSTRAINT; Schema: public; Owner: test
--

ALTER TABLE ONLY public.shared_aidocument
    ADD CONSTRAINT shared_aidocument_user_id_505352b2_fk_users_user_id FOREIGN KEY (user_id) REFERENCES public.users_user(id) DEFERRABLE INITIALLY DEFERRED;


--
-- Name: shared_aidocumentresult shared_aidocumentres_document_id_dda2f18d_fk_shared_ai; Type: FK CONSTRAINT; Schema: public; Owner: test
--

ALTER TABLE ONLY public.shared_aidocumentresult
    ADD CONSTRAINT shared_aidocumentres_document_id_dda2f18d_fk_shared_ai FOREIGN KEY (document_id) REFERENCES public.shared_aidocument(id) DEFERRABLE INITIALLY DEFERRED;


--
-- Name: shared_document shared_document_type_id_51aa3812_fk_shared_documenttype_id; Type: FK CONSTRAINT; Schema: public; Owner: test
--

ALTER TABLE ONLY public.shared_document
    ADD CONSTRAINT shared_document_type_id_51aa3812_fk_shared_documenttype_id FOREIGN KEY (type_id) REFERENCES public.shared_documenttype(id) DEFERRABLE INITIALLY DEFERRED;


--
-- Name: shared_document shared_document_user_id_57ac62a6_fk_users_user_id; Type: FK CONSTRAINT; Schema: public; Owner: test
--

ALTER TABLE ONLY public.shared_document
    ADD CONSTRAINT shared_document_user_id_57ac62a6_fk_users_user_id FOREIGN KEY (user_id) REFERENCES public.users_user(id) DEFERRABLE INITIALLY DEFERRED;


--
-- Name: shared_documentresult shared_documentresul_document_id_350354ee_fk_shared_do; Type: FK CONSTRAINT; Schema: public; Owner: test
--

ALTER TABLE ONLY public.shared_documentresult
    ADD CONSTRAINT shared_documentresul_document_id_350354ee_fk_shared_do FOREIGN KEY (document_id) REFERENCES public.shared_document(id) DEFERRABLE INITIALLY DEFERRED;


--
-- Name: shared_order shared_order_ai_document_id_273e476b_fk_shared_aidocument_id; Type: FK CONSTRAINT; Schema: public; Owner: test
--

ALTER TABLE ONLY public.shared_order
    ADD CONSTRAINT shared_order_ai_document_id_273e476b_fk_shared_aidocument_id FOREIGN KEY (ai_document_id) REFERENCES public.shared_aidocument(id) DEFERRABLE INITIALLY DEFERRED;


--
-- Name: shared_order shared_order_document_id_553c8e7c_fk_shared_document_id; Type: FK CONSTRAINT; Schema: public; Owner: test
--

ALTER TABLE ONLY public.shared_order
    ADD CONSTRAINT shared_order_document_id_553c8e7c_fk_shared_document_id FOREIGN KEY (document_id) REFERENCES public.shared_document(id) DEFERRABLE INITIALLY DEFERRED;


--
-- Name: shared_order shared_order_user_id_7185989d_fk_users_user_id; Type: FK CONSTRAINT; Schema: public; Owner: test
--

ALTER TABLE ONLY public.shared_order
    ADD CONSTRAINT shared_order_user_id_7185989d_fk_users_user_id FOREIGN KEY (user_id) REFERENCES public.users_user(id) DEFERRABLE INITIALLY DEFERRED;


--
-- Name: users_user_groups users_user_groups_group_id_9afc8d0e_fk_auth_group_id; Type: FK CONSTRAINT; Schema: public; Owner: test
--

ALTER TABLE ONLY public.users_user_groups
    ADD CONSTRAINT users_user_groups_group_id_9afc8d0e_fk_auth_group_id FOREIGN KEY (group_id) REFERENCES public.auth_group(id) DEFERRABLE INITIALLY DEFERRED;


--
-- Name: users_user_groups users_user_groups_user_id_5f6f5a90_fk_users_user_id; Type: FK CONSTRAINT; Schema: public; Owner: test
--

ALTER TABLE ONLY public.users_user_groups
    ADD CONSTRAINT users_user_groups_user_id_5f6f5a90_fk_users_user_id FOREIGN KEY (user_id) REFERENCES public.users_user(id) DEFERRABLE INITIALLY DEFERRED;


--
-- Name: users_user_user_permissions users_user_user_perm_permission_id_0b93982e_fk_auth_perm; Type: FK CONSTRAINT; Schema: public; Owner: test
--

ALTER TABLE ONLY public.users_user_user_permissions
    ADD CONSTRAINT users_user_user_perm_permission_id_0b93982e_fk_auth_perm FOREIGN KEY (permission_id) REFERENCES public.auth_permission(id) DEFERRABLE INITIALLY DEFERRED;


--
-- Name: users_user_user_permissions users_user_user_permissions_user_id_20aca447_fk_users_user_id; Type: FK CONSTRAINT; Schema: public; Owner: test
--

ALTER TABLE ONLY public.users_user_user_permissions
    ADD CONSTRAINT users_user_user_permissions_user_id_20aca447_fk_users_user_id FOREIGN KEY (user_id) REFERENCES public.users_user(id) DEFERRABLE INITIALLY DEFERRED;


--
-- PostgreSQL database dump complete
--

\unrestrict c92uz0101QdlGPeU6fBrzhFgd7mHvUcfTzK3wQRtdukabwzk2S5D65ER29UDbvm

